Outlook,Sustainability,Willingness,Capacity,names
Speculative,Unconfirmed future dividend growth,Low willingness to pay or grow dividend,Low capacity on Quality Drivers,1
Speculative,Unconfirmed future dividend growth,High willingness to pay or grow dividend,Low capacity on Quality Drivers,2
Speculative,Unconfirmed future dividend growth,High willingness to pay or grow dividend,Low capacity on Quality Drivers,3
Speculative,Unconfirmed future dividend growth,High willingness to pay or grow dividend,Low capacity on Quality Drivers,4
Speculative,Unconfirmed future dividend growth,High willingness to pay or grow dividend,Low capacity on Quality Drivers,5
Speculative,Unconfirmed future dividend growth,High willingness to pay or grow dividend,Low capacity on Quality Drivers,6
Speculative,Unconfirmed future dividend growth,High willingness to pay or grow dividend,Low capacity on Quality Drivers,7
Speculative,Unconfirmed future dividend growth,High willingness to pay or grow dividend,Low capacity on Quality Drivers,8
Speculative,Unconfirmed future dividend growth,High willingness to pay or grow dividend,Low capacity on Quality Drivers,9
Speculative,Unconfirmed future dividend growth,High willingness to pay or grow dividend,Low capacity on Quality Drivers,10
Speculative,Unconfirmed future dividend growth,High willingness to pay or grow dividend,Low capacity on Quality Drivers,11
Speculative,Unconfirmed future dividend growth,High willingness to pay or grow dividend,Low capacity on Quality Drivers,12
Speculative,Unconfirmed future dividend growth,High willingness to pay or grow dividend,Low capacity on Quality Drivers,13
Speculative,Unconfirmed future dividend growth,High willingness to pay or grow dividend,Low capacity on Quality Drivers,14
Speculative,Unconfirmed future dividend growth,Low willingness to pay or grow dividend,Low capacity on Quality Drivers,15
Speculative,Unconfirmed future dividend growth,Low willingness to pay or grow dividend,Low capacity on Quality Drivers,16
Speculative,Unconfirmed future dividend growth,Low willingness to pay or grow dividend,Low capacity on Quality Drivers,17
Speculative,Unconfirmed future dividend growth,Low willingness to pay or grow dividend,Low capacity on Quality Drivers,18
Speculative,Unconfirmed future dividend growth,Low willingness to pay or grow dividend,Low capacity on Quality Drivers,19
Speculative,Unconfirmed future dividend growth,Low willingness to pay or grow dividend,Low capacity on Quality Drivers,20
Speculative,Unconfirmed future dividend growth,Low willingness to pay or grow dividend,Low capacity on Quality Drivers,21
Speculative,Unconfirmed future dividend growth,Low willingness to pay or grow dividend,Low capacity on Quality Drivers,22
Speculative,Unconfirmed future dividend growth,Low willingness to pay or grow dividend,Low capacity on Quality Drivers,23
Speculative,Unconfirmed future dividend growth,Low willingness to pay or grow dividend,Low capacity on Quality Drivers,24
Speculative,Unconfirmed future dividend growth,High willingness to pay or grow dividend,Low capacity on Quality Drivers,25
Speculative,Unconfirmed future dividend growth,High willingness to pay or grow dividend,Low capacity on Quality Drivers,26
Speculative,Unconfirmed future dividend growth,High willingness to pay or grow dividend,Low capacity on Quality Drivers,27
Speculative,Unconfirmed future dividend growth,High willingness to pay or grow dividend,Low capacity on Quality Drivers,28
Speculative,Unconfirmed future dividend growth,High willingness to pay or grow dividend,Low capacity on Quality Drivers,29
Speculative,Unconfirmed future dividend growth,High willingness to pay or grow dividend,Low capacity on Quality Drivers,30
Speculative,Unconfirmed future dividend growth,High willingness to pay or grow dividend,Low capacity on Quality Drivers,31
Speculative,Unconfirmed future dividend growth,High willingness to pay or grow dividend,Low capacity on Quality Drivers,32
Speculative,Unconfirmed future dividend growth,High willingness to pay or grow dividend,Low capacity on Quality Drivers,33
Speculative,Unconfirmed future dividend growth,High willingness to pay or grow dividend,Low capacity on Quality Drivers,34
Speculative,Unconfirmed future dividend growth,High willingness to pay or grow dividend,Low capacity on Quality Drivers,35
Speculative,Unconfirmed future dividend growth,High willingness to pay or grow dividend,Low capacity on Quality Drivers,36
Speculative,Unconfirmed future dividend growth,High willingness to pay or grow dividend,Low capacity on Quality Drivers,37
Speculative,Unconfirmed future dividend growth,High willingness to pay or grow dividend,Low capacity on Quality Drivers,38
Speculative,Unconfirmed future dividend growth,High willingness to pay or grow dividend,Low capacity on Quality Drivers,39
Speculative,Unconfirmed future dividend growth,High willingness to pay or grow dividend,Low capacity on Quality Drivers,40
Speculative,Unconfirmed future dividend growth,High willingness to pay or grow dividend,Low capacity on Quality Drivers,41
Speculative,Unconfirmed future dividend growth,High willingness to pay or grow dividend,Low capacity on Quality Drivers,42
Speculative,Unconfirmed future dividend growth,High willingness to pay or grow dividend,Low capacity on Quality Drivers,43
Speculative,Unconfirmed future dividend growth,High willingness to pay or grow dividend,Low capacity on Quality Drivers,44
Speculative,Unconfirmed future dividend growth,High willingness to pay or grow dividend,Low capacity on Quality Drivers,45
Speculative,Unconfirmed future dividend growth,High willingness to pay or grow dividend,Low capacity on Quality Drivers,46
Speculative,Unconfirmed future dividend growth,High willingness to pay or grow dividend,Low capacity on Quality Drivers,47
Speculative,Unconfirmed future dividend growth,High willingness to pay or grow dividend,Low capacity on Quality Drivers,48
Speculative,Unconfirmed future dividend growth,High willingness to pay or grow dividend,Low capacity on Quality Drivers,49
Speculative,Unconfirmed future dividend growth,High willingness to pay or grow dividend,Low capacity on Quality Drivers,50
Speculative,Unconfirmed future dividend growth,High willingness to pay or grow dividend,Low capacity on Quality Drivers,51
Speculative,Unconfirmed future dividend growth,High willingness to pay or grow dividend,Low capacity on Quality Drivers,52
Speculative,Unconfirmed future dividend growth,High willingness to pay or grow dividend,Low capacity on Quality Drivers,53
Speculative,Unconfirmed future dividend growth,High willingness to pay or grow dividend,Low capacity on Quality Drivers,54
Speculative,Unconfirmed future dividend growth,High willingness to pay or grow dividend,Low capacity on Quality Drivers,55
Speculative,Unconfirmed future dividend growth,High willingness to pay or grow dividend,Low capacity on Quality Drivers,56
Speculative,Unconfirmed future dividend growth,High willingness to pay or grow dividend,Low capacity on Quality Drivers,57
Speculative,Unconfirmed future dividend growth,High willingness to pay or grow dividend,Low capacity on Quality Drivers,58
Speculative,Unconfirmed future dividend growth,High willingness to pay or grow dividend,Low capacity on Quality Drivers,59
Speculative,Unconfirmed future dividend growth,High willingness to pay or grow dividend,Low capacity on Quality Drivers,60
Speculative,Unconfirmed future dividend growth,High willingness to pay or grow dividend,Low capacity on Quality Drivers,61
Speculative,Unconfirmed future dividend growth,High willingness to pay or grow dividend,Low capacity on Quality Drivers,62
Speculative,Unconfirmed future dividend growth,High willingness to pay or grow dividend,Low capacity on Quality Drivers,63
Speculative,Unconfirmed future dividend growth,High willingness to pay or grow dividend,Low capacity on Quality Drivers,64
Speculative,Unconfirmed future dividend growth,High willingness to pay or grow dividend,Low capacity on Quality Drivers,65
Speculative,Unconfirmed future dividend growth,High willingness to pay or grow dividend,Low capacity on Quality Drivers,66
Speculative,Unconfirmed future dividend growth,High willingness to pay or grow dividend,Low capacity on Quality Drivers,67
Speculative,Unconfirmed future dividend growth,High willingness to pay or grow dividend,Low capacity on Quality Drivers,68
Speculative,Unconfirmed future dividend growth,High willingness to pay or grow dividend,Low capacity on Quality Drivers,69
Speculative,Unconfirmed future dividend growth,High willingness to pay or grow dividend,Low capacity on Quality Drivers,70
Speculative,Unconfirmed future dividend growth,High willingness to pay or grow dividend,Low capacity on Quality Drivers,71
Speculative,Unconfirmed future dividend growth,High willingness to pay or grow dividend,Low capacity on Quality Drivers,72
Speculative,Unconfirmed future dividend growth,High willingness to pay or grow dividend,Low capacity on Quality Drivers,73
Speculative,Unconfirmed future dividend growth,High willingness to pay or grow dividend,Low capacity on Quality Drivers,74
Speculative,Unconfirmed future dividend growth,High willingness to pay or grow dividend,Low capacity on Quality Drivers,75
Speculative,Unconfirmed future dividend growth,High willingness to pay or grow dividend,Low capacity on Quality Drivers,76
Speculative,Unconfirmed future dividend growth,High willingness to pay or grow dividend,Low capacity on Quality Drivers,77
Speculative,Unconfirmed future dividend growth,High willingness to pay or grow dividend,Low capacity on Quality Drivers,78
Speculative,Unconfirmed future dividend growth,High willingness to pay or grow dividend,Low capacity on Quality Drivers,79
Speculative,Unconfirmed future dividend growth,High willingness to pay or grow dividend,Low capacity on Quality Drivers,80
Speculative,Unconfirmed future dividend growth,High willingness to pay or grow dividend,Low capacity on Quality Drivers,81
Speculative,Unconfirmed future dividend growth,High willingness to pay or grow dividend,Low capacity on Quality Drivers,82
Speculative,Unconfirmed future dividend growth,High willingness to pay or grow dividend,Low capacity on Quality Drivers,83
Speculative,Unconfirmed future dividend growth,High willingness to pay or grow dividend,Low capacity on Quality Drivers,84
Speculative,Unconfirmed future dividend growth,High willingness to pay or grow dividend,Low capacity on Quality Drivers,85
Speculative,Unconfirmed future dividend growth,High willingness to pay or grow dividend,Low capacity on Quality Drivers,86
Speculative,Unconfirmed future dividend growth,High willingness to pay or grow dividend,Low capacity on Quality Drivers,87
Speculative,Unconfirmed future dividend growth,High willingness to pay or grow dividend,Low capacity on Quality Drivers,88
Speculative,Unconfirmed future dividend growth,High willingness to pay or grow dividend,Low capacity on Quality Drivers,89
Speculative,Unconfirmed future dividend growth,High willingness to pay or grow dividend,Low capacity on Quality Drivers,90
Speculative,Unconfirmed future dividend growth,High willingness to pay or grow dividend,Low capacity on Quality Drivers,91
Speculative,Unconfirmed future dividend growth,High willingness to pay or grow dividend,Low capacity on Quality Drivers,92
Speculative,Unconfirmed future dividend growth,High willingness to pay or grow dividend,Low capacity on Quality Drivers,93
Speculative,Unconfirmed future dividend growth,High willingness to pay or grow dividend,Low capacity on Quality Drivers,94
Speculative,Unconfirmed future dividend growth,High willingness to pay or grow dividend,Low capacity on Quality Drivers,95
Speculative,Unconfirmed future dividend growth,High willingness to pay or grow dividend,Low capacity on Quality Drivers,96
Speculative,Unconfirmed future dividend growth,High willingness to pay or grow dividend,Low capacity on Quality Drivers,97
Speculative,Unconfirmed future dividend growth,High willingness to pay or grow dividend,Low capacity on Quality Drivers,98
Speculative,Unconfirmed future dividend growth,High willingness to pay or grow dividend,Low capacity on Quality Drivers,99
Speculative,Unconfirmed future dividend growth,High willingness to pay or grow dividend,Low capacity on Quality Drivers,100
Speculative,Unconfirmed future dividend growth,High willingness to pay or grow dividend,Low capacity on Quality Drivers,101
Speculative,Unconfirmed future dividend growth,High willingness to pay or grow dividend,Low capacity on Quality Drivers,102
Speculative,Unconfirmed future dividend growth,High willingness to pay or grow dividend,Low capacity on Quality Drivers,103
Speculative,Unconfirmed future dividend growth,High willingness to pay or grow dividend,Low capacity on Quality Drivers,104
Speculative,Unconfirmed future dividend growth,High willingness to pay or grow dividend,Low capacity on Quality Drivers,105
Speculative,Unconfirmed future dividend growth,High willingness to pay or grow dividend,Low capacity on Quality Drivers,106
Speculative,Unconfirmed future dividend growth,High willingness to pay or grow dividend,Low capacity on Quality Drivers,107
Speculative,Unconfirmed future dividend growth,High willingness to pay or grow dividend,Low capacity on Quality Drivers,108
Speculative,Unconfirmed future dividend growth,High willingness to pay or grow dividend,Low capacity on Quality Drivers,109
Speculative,Unconfirmed future dividend growth,High willingness to pay or grow dividend,Low capacity on Quality Drivers,110
Speculative,Unconfirmed future dividend growth,High willingness to pay or grow dividend,Low capacity on Quality Drivers,111
Speculative,Unconfirmed future dividend growth,High willingness to pay or grow dividend,Low capacity on Quality Drivers,112
Speculative,Unconfirmed future dividend growth,High willingness to pay or grow dividend,Low capacity on Quality Drivers,113
Speculative,Unconfirmed future dividend growth,High willingness to pay or grow dividend,Low capacity on Quality Drivers,114
Speculative,Unconfirmed future dividend growth,High willingness to pay or grow dividend,Low capacity on Quality Drivers,115
Speculative,Unconfirmed future dividend growth,High willingness to pay or grow dividend,Low capacity on Quality Drivers,116
Speculative,Unconfirmed future dividend growth,High willingness to pay or grow dividend,Low capacity on Quality Drivers,117
Speculative,Unconfirmed future dividend growth,Low willingness to pay or grow dividend,Low capacity on Quality Drivers,118
Speculative,Unconfirmed future dividend growth,Low willingness to pay or grow dividend,Low capacity on Quality Drivers,119
Speculative,Unconfirmed future dividend growth,Low willingness to pay or grow dividend,Low capacity on Quality Drivers,120
Speculative,Unconfirmed future dividend growth,Low willingness to pay or grow dividend,Low capacity on Quality Drivers,121
Speculative,Unconfirmed future dividend growth,Low willingness to pay or grow dividend,Low capacity on Quality Drivers,122
Speculative,Unconfirmed future dividend growth,Low willingness to pay or grow dividend,Low capacity on Quality Drivers,123
Speculative,Unconfirmed future dividend growth,Low willingness to pay or grow dividend,Low capacity on Quality Drivers,124
Speculative,Unconfirmed future dividend growth,Low willingness to pay or grow dividend,Low capacity on Quality Drivers,125
Speculative,Unconfirmed future dividend growth,Low willingness to pay or grow dividend,Low capacity on Quality Drivers,126
Speculative,Unconfirmed future dividend growth,Low willingness to pay or grow dividend,Low capacity on Quality Drivers,127
Speculative,Unconfirmed future dividend growth,Low willingness to pay or grow dividend,Low capacity on Quality Drivers,128
Speculative,Unconfirmed future dividend growth,Low willingness to pay or grow dividend,Low capacity on Quality Drivers,129
Speculative,Unconfirmed future dividend growth,Low willingness to pay or grow dividend,Low capacity on Quality Drivers,130
Speculative,Unconfirmed future dividend growth,Low willingness to pay or grow dividend,Low capacity on Quality Drivers,131
Speculative,Unconfirmed future dividend growth,Low willingness to pay or grow dividend,Low capacity on Quality Drivers,132
Speculative,Unconfirmed future dividend growth,Low willingness to pay or grow dividend,Low capacity on Quality Drivers,133
Speculative,Unconfirmed future dividend growth,Low willingness to pay or grow dividend,Low capacity on Quality Drivers,134
Speculative,Unconfirmed future dividend growth,Low willingness to pay or grow dividend,Low capacity on Quality Drivers,135
Speculative,Unconfirmed future dividend growth,Low willingness to pay or grow dividend,Low capacity on Quality Drivers,136
Speculative,Unconfirmed future dividend growth,Low willingness to pay or grow dividend,Low capacity on Quality Drivers,137
Speculative,Unconfirmed future dividend growth,Low willingness to pay or grow dividend,Low capacity on Quality Drivers,138
Speculative,Unconfirmed future dividend growth,Low willingness to pay or grow dividend,Low capacity on Quality Drivers,139
Speculative,Unconfirmed future dividend growth,Low willingness to pay or grow dividend,Low capacity on Quality Drivers,140
Speculative,Unconfirmed future dividend growth,Low willingness to pay or grow dividend,Low capacity on Quality Drivers,141
Speculative,Unconfirmed future dividend growth,Low willingness to pay or grow dividend,Low capacity on Quality Drivers,142
Speculative,Unconfirmed future dividend growth,Low willingness to pay or grow dividend,Low capacity on Quality Drivers,143
Speculative,Unconfirmed future dividend growth,Low willingness to pay or grow dividend,Low capacity on Quality Drivers,144
Speculative,Unconfirmed future dividend growth,Low willingness to pay or grow dividend,Low capacity on Quality Drivers,145
Speculative,Unconfirmed future dividend growth,Low willingness to pay or grow dividend,Low capacity on Quality Drivers,146
Speculative,Unconfirmed future dividend growth,Low willingness to pay or grow dividend,Low capacity on Quality Drivers,147
Speculative,Unconfirmed future dividend growth,Low willingness to pay or grow dividend,Low capacity on Quality Drivers,148
Speculative,Unconfirmed future dividend growth,Low willingness to pay or grow dividend,Low capacity on Quality Drivers,149
Speculative,Unconfirmed future dividend growth,Low willingness to pay or grow dividend,Low capacity on Quality Drivers,150
Speculative,Unconfirmed future dividend growth,Low willingness to pay or grow dividend,Low capacity on Quality Drivers,151
Unsustainable dividend growth,Unconfirmed future dividend growth,High willingness to pay or grow dividend,Low capacity on Quality Drivers,152
Unsustainable dividend growth,Unconfirmed future dividend growth,Low willingness to pay or grow dividend,Low capacity on Quality Drivers,153
Unsustainable dividend growth,Unconfirmed future dividend growth,Low willingness to pay or grow dividend,Low capacity on Quality Drivers,154
Unsustainable dividend growth,Unconfirmed future dividend growth,Low willingness to pay or grow dividend,Low capacity on Quality Drivers,155
Unsustainable dividend growth,Unconfirmed future dividend growth,Low willingness to pay or grow dividend,Low capacity on Quality Drivers,156
Unsustainable dividend growth,Unconfirmed future dividend growth,Low willingness to pay or grow dividend,Low capacity on Quality Drivers,157
Unsustainable dividend growth,Unconfirmed future dividend growth,High willingness to pay or grow dividend,Low capacity on Quality Drivers,158
Unsustainable dividend growth,Unconfirmed future dividend growth,High willingness to pay or grow dividend,Low capacity on Quality Drivers,159
Unsustainable dividend growth,Unconfirmed future dividend growth,High willingness to pay or grow dividend,Low capacity on Quality Drivers,160
Unsustainable dividend growth,Unconfirmed future dividend growth,High willingness to pay or grow dividend,Low capacity on Quality Drivers,161
Unsustainable dividend growth,Unconfirmed future dividend growth,High willingness to pay or grow dividend,Low capacity on Quality Drivers,162
Unsustainable dividend growth,Unconfirmed future dividend growth,High willingness to pay or grow dividend,Low capacity on Quality Drivers,163
Unsustainable dividend growth,Unconfirmed future dividend growth,High willingness to pay or grow dividend,Low capacity on Quality Drivers,164
Unsustainable dividend growth,Unconfirmed future dividend growth,High willingness to pay or grow dividend,Low capacity on Quality Drivers,165
Unsustainable dividend growth,Unconfirmed future dividend growth,High willingness to pay or grow dividend,Low capacity on Quality Drivers,166
Unsustainable dividend growth,Unconfirmed future dividend growth,High willingness to pay or grow dividend,Low capacity on Quality Drivers,167
Unsustainable dividend growth,Unconfirmed future dividend growth,High willingness to pay or grow dividend,Low capacity on Quality Drivers,168
Unsustainable dividend growth,Unconfirmed future dividend growth,High willingness to pay or grow dividend,Low capacity on Quality Drivers,169
Unsustainable dividend growth,Unconfirmed future dividend growth,High willingness to pay or grow dividend,Low capacity on Quality Drivers,170
Unsustainable dividend growth,Unconfirmed future dividend growth,High willingness to pay or grow dividend,Low capacity on Quality Drivers,171
Unsustainable dividend growth,Unconfirmed future dividend growth,High willingness to pay or grow dividend,Low capacity on Quality Drivers,172
Unsustainable dividend growth,Unconfirmed future dividend growth,High willingness to pay or grow dividend,Low capacity on Quality Drivers,173
Unsustainable dividend growth,Unconfirmed future dividend growth,High willingness to pay or grow dividend,Low capacity on Quality Drivers,174
Unsustainable dividend growth,Unconfirmed future dividend growth,High willingness to pay or grow dividend,Low capacity on Quality Drivers,175
Unsustainable dividend growth,Unconfirmed future dividend growth,High willingness to pay or grow dividend,Low capacity on Quality Drivers,176
Unsustainable dividend growth,Unconfirmed future dividend growth,High willingness to pay or grow dividend,Low capacity on Quality Drivers,177
Unsustainable dividend growth,Unconfirmed future dividend growth,High willingness to pay or grow dividend,Low capacity on Quality Drivers,178
Unsustainable dividend growth,Unconfirmed future dividend growth,High willingness to pay or grow dividend,Low capacity on Quality Drivers,179
Unsustainable dividend growth,Unconfirmed future dividend growth,High willingness to pay or grow dividend,Low capacity on Quality Drivers,180
Unsustainable dividend growth,Unconfirmed future dividend growth,High willingness to pay or grow dividend,Low capacity on Quality Drivers,181
Unsustainable dividend growth,Unconfirmed future dividend growth,High willingness to pay or grow dividend,Low capacity on Quality Drivers,182
Unsustainable dividend growth,Unconfirmed future dividend growth,High willingness to pay or grow dividend,Low capacity on Quality Drivers,183
Unsustainable dividend growth,Unconfirmed future dividend growth,High willingness to pay or grow dividend,Low capacity on Quality Drivers,184
Unsustainable dividend growth,Unconfirmed future dividend growth,High willingness to pay or grow dividend,Low capacity on Quality Drivers,185
Unsustainable dividend growth,Unconfirmed future dividend growth,High willingness to pay or grow dividend,Low capacity on Quality Drivers,186
Unsustainable dividend growth,Unconfirmed future dividend growth,High willingness to pay or grow dividend,Low capacity on Quality Drivers,187
Unsustainable dividend growth,Unconfirmed future dividend growth,High willingness to pay or grow dividend,Low capacity on Quality Drivers,188
Unsustainable dividend growth,Unconfirmed future dividend growth,High willingness to pay or grow dividend,Low capacity on Quality Drivers,189
Unsustainable dividend growth,Unconfirmed future dividend growth,High willingness to pay or grow dividend,Low capacity on Quality Drivers,190
Unsustainable dividend growth,Unconfirmed future dividend growth,High willingness to pay or grow dividend,Low capacity on Quality Drivers,191
Unsustainable dividend growth,Unconfirmed future dividend growth,High willingness to pay or grow dividend,Low capacity on Quality Drivers,192
Unsustainable dividend growth,Unconfirmed future dividend growth,High willingness to pay or grow dividend,Low capacity on Quality Drivers,193
Unsustainable dividend growth,Unconfirmed future dividend growth,High willingness to pay or grow dividend,Low capacity on Quality Drivers,194
Unsustainable dividend growth,Unconfirmed future dividend growth,High willingness to pay or grow dividend,Low capacity on Quality Drivers,195
Unsustainable dividend growth,Unconfirmed future dividend growth,High willingness to pay or grow dividend,Low capacity on Quality Drivers,196
Unsustainable dividend growth,Unconfirmed future dividend growth,High willingness to pay or grow dividend,Low capacity on Quality Drivers,197
Unsustainable dividend growth,Unconfirmed future dividend growth,High willingness to pay or grow dividend,Low capacity on Quality Drivers,198
Unsustainable dividend growth,Unconfirmed future dividend growth,High willingness to pay or grow dividend,Low capacity on Quality Drivers,199
Unsustainable dividend growth,Unconfirmed future dividend growth,High willingness to pay or grow dividend,Low capacity on Quality Drivers,200
Unsustainable dividend growth,Unconfirmed future dividend growth,High willingness to pay or grow dividend,Low capacity on Quality Drivers,201
Unsustainable dividend growth,Unconfirmed future dividend growth,High willingness to pay or grow dividend,Low capacity on Quality Drivers,202
Unsustainable dividend growth,Unconfirmed future dividend growth,High willingness to pay or grow dividend,Low capacity on Quality Drivers,203
Unsustainable dividend growth,Unconfirmed future dividend growth,High willingness to pay or grow dividend,Low capacity on Quality Drivers,204
Unsustainable dividend growth,Unconfirmed future dividend growth,High willingness to pay or grow dividend,Low capacity on Quality Drivers,205
Unsustainable dividend growth,Unconfirmed future dividend growth,High willingness to pay or grow dividend,Low capacity on Quality Drivers,206
Unsustainable dividend growth,Unconfirmed future dividend growth,High willingness to pay or grow dividend,Low capacity on Quality Drivers,207
Unsustainable dividend growth,Unconfirmed future dividend growth,High willingness to pay or grow dividend,Low capacity on Quality Drivers,208
Unsustainable dividend growth,Unconfirmed future dividend growth,High willingness to pay or grow dividend,Low capacity on Quality Drivers,209
Unsustainable dividend growth,Unconfirmed future dividend growth,High willingness to pay or grow dividend,Low capacity on Quality Drivers,210
Unsustainable dividend growth,Unconfirmed future dividend growth,High willingness to pay or grow dividend,Low capacity on Quality Drivers,211
Unsustainable dividend growth,Unconfirmed future dividend growth,High willingness to pay or grow dividend,Low capacity on Quality Drivers,212
Unsustainable dividend growth,Unconfirmed future dividend growth,High willingness to pay or grow dividend,Low capacity on Quality Drivers,213
Unsustainable dividend growth,Unconfirmed future dividend growth,High willingness to pay or grow dividend,Low capacity on Quality Drivers,214
Unsustainable dividend growth,Unconfirmed future dividend growth,High willingness to pay or grow dividend,Low capacity on Quality Drivers,215
Unsustainable dividend growth,Unconfirmed future dividend growth,High willingness to pay or grow dividend,Low capacity on Quality Drivers,216
Unsustainable dividend growth,Unconfirmed future dividend growth,High willingness to pay or grow dividend,Low capacity on Quality Drivers,217
Unsustainable dividend growth,Unconfirmed future dividend growth,High willingness to pay or grow dividend,Low capacity on Quality Drivers,218
Unsustainable dividend growth,Unconfirmed future dividend growth,High willingness to pay or grow dividend,Low capacity on Quality Drivers,219
Unsustainable dividend growth,Unconfirmed future dividend growth,High willingness to pay or grow dividend,Low capacity on Quality Drivers,220
Unsustainable dividend growth,Unconfirmed future dividend growth,High willingness to pay or grow dividend,Low capacity on Quality Drivers,221
Unsustainable dividend growth,Unconfirmed future dividend growth,High willingness to pay or grow dividend,Low capacity on Quality Drivers,222
Unsustainable dividend growth,Unconfirmed future dividend growth,High willingness to pay or grow dividend,Low capacity on Quality Drivers,223
Unsustainable dividend growth,Unconfirmed future dividend growth,High willingness to pay or grow dividend,Low capacity on Quality Drivers,224
Unsustainable dividend growth,Unconfirmed future dividend growth,High willingness to pay or grow dividend,Low capacity on Quality Drivers,225
Unsustainable dividend growth,Unconfirmed future dividend growth,High willingness to pay or grow dividend,Low capacity on Quality Drivers,226
Unsustainable dividend growth,Unconfirmed future dividend growth,High willingness to pay or grow dividend,Low capacity on Quality Drivers,227
Unsustainable dividend growth,Unconfirmed future dividend growth,High willingness to pay or grow dividend,Low capacity on Quality Drivers,228
Unsustainable dividend growth,Unconfirmed future dividend growth,High willingness to pay or grow dividend,Low capacity on Quality Drivers,229
Unsustainable dividend growth,Unconfirmed future dividend growth,High willingness to pay or grow dividend,Low capacity on Quality Drivers,230
Unsustainable dividend growth,Unconfirmed future dividend growth,High willingness to pay or grow dividend,Low capacity on Quality Drivers,231
Unsustainable dividend growth,Unconfirmed future dividend growth,High willingness to pay or grow dividend,Low capacity on Quality Drivers,232
Unsustainable dividend growth,Unconfirmed future dividend growth,High willingness to pay or grow dividend,Low capacity on Quality Drivers,233
Unsustainable dividend growth,Unconfirmed future dividend growth,High willingness to pay or grow dividend,Low capacity on Quality Drivers,234
Unsustainable dividend growth,Unconfirmed future dividend growth,High willingness to pay or grow dividend,Low capacity on Quality Drivers,235
Unsustainable dividend growth,Unconfirmed future dividend growth,High willingness to pay or grow dividend,Low capacity on Quality Drivers,236
Unsustainable dividend growth,Unconfirmed future dividend growth,High willingness to pay or grow dividend,Low capacity on Quality Drivers,237
Unsustainable dividend growth,Unconfirmed future dividend growth,High willingness to pay or grow dividend,Low capacity on Quality Drivers,238
Unsustainable dividend growth,Unconfirmed future dividend growth,High willingness to pay or grow dividend,Low capacity on Quality Drivers,239
Unsustainable dividend growth,Unconfirmed future dividend growth,High willingness to pay or grow dividend,Low capacity on Quality Drivers,240
Unsustainable dividend growth,Unconfirmed future dividend growth,High willingness to pay or grow dividend,Low capacity on Quality Drivers,241
Unsustainable dividend growth,Unconfirmed future dividend growth,High willingness to pay or grow dividend,Low capacity on Quality Drivers,242
Unsustainable dividend growth,Unconfirmed future dividend growth,High willingness to pay or grow dividend,Low capacity on Quality Drivers,243
Unsustainable dividend growth,Unconfirmed future dividend growth,High willingness to pay or grow dividend,Low capacity on Quality Drivers,244
Unsustainable dividend growth,Unconfirmed future dividend growth,High willingness to pay or grow dividend,Low capacity on Quality Drivers,245
Unsustainable dividend growth,Unconfirmed future dividend growth,High willingness to pay or grow dividend,Low capacity on Quality Drivers,246
Unsustainable dividend growth,Unconfirmed future dividend growth,High willingness to pay or grow dividend,Low capacity on Quality Drivers,247
Unsustainable dividend growth,Unconfirmed future dividend growth,High willingness to pay or grow dividend,Low capacity on Quality Drivers,248
Unsustainable dividend growth,Unconfirmed future dividend growth,High willingness to pay or grow dividend,Low capacity on Quality Drivers,249
Unsustainable dividend growth,Unconfirmed future dividend growth,High willingness to pay or grow dividend,Low capacity on Quality Drivers,250
Unsustainable dividend growth,Unconfirmed future dividend growth,High willingness to pay or grow dividend,Low capacity on Quality Drivers,251
Unsustainable dividend growth,Unconfirmed future dividend growth,High willingness to pay or grow dividend,Low capacity on Quality Drivers,252
Unsustainable dividend growth,Unconfirmed future dividend growth,High willingness to pay or grow dividend,Low capacity on Quality Drivers,253
Unsustainable dividend growth,Unconfirmed future dividend growth,High willingness to pay or grow dividend,Low capacity on Quality Drivers,254
Unsustainable dividend growth,Unconfirmed future dividend growth,High willingness to pay or grow dividend,Low capacity on Quality Drivers,255
Unsustainable dividend growth,Unconfirmed future dividend growth,High willingness to pay or grow dividend,Low capacity on Quality Drivers,256
Unsustainable dividend growth,Unconfirmed future dividend growth,High willingness to pay or grow dividend,Low capacity on Quality Drivers,257
Unsustainable dividend growth,Unconfirmed future dividend growth,High willingness to pay or grow dividend,Low capacity on Quality Drivers,258
Unsustainable dividend growth,Unconfirmed future dividend growth,High willingness to pay or grow dividend,Low capacity on Quality Drivers,259
Unsustainable dividend growth,Unconfirmed future dividend growth,High willingness to pay or grow dividend,Low capacity on Quality Drivers,260
Unsustainable dividend growth,Unconfirmed future dividend growth,High willingness to pay or grow dividend,Low capacity on Quality Drivers,261
Unsustainable dividend growth,Unconfirmed future dividend growth,High willingness to pay or grow dividend,Low capacity on Quality Drivers,262
Unsustainable dividend growth,Unconfirmed future dividend growth,High willingness to pay or grow dividend,Low capacity on Quality Drivers,263
Unsustainable dividend growth,Unconfirmed future dividend growth,High willingness to pay or grow dividend,Low capacity on Quality Drivers,264
Unsustainable dividend growth,Unconfirmed future dividend growth,High willingness to pay or grow dividend,Low capacity on Quality Drivers,265
Unsustainable dividend growth,Unconfirmed future dividend growth,High willingness to pay or grow dividend,Low capacity on Quality Drivers,266
Unsustainable dividend growth,Unconfirmed future dividend growth,High willingness to pay or grow dividend,Low capacity on Quality Drivers,267
Unsustainable dividend growth,Unconfirmed future dividend growth,High willingness to pay or grow dividend,Low capacity on Quality Drivers,268
Unsustainable dividend growth,Unconfirmed future dividend growth,High willingness to pay or grow dividend,Low capacity on Quality Drivers,269
Unsustainable dividend growth,Unconfirmed future dividend growth,High willingness to pay or grow dividend,Low capacity on Quality Drivers,270
Unsustainable dividend growth,Unconfirmed future dividend growth,High willingness to pay or grow dividend,Low capacity on Quality Drivers,271
Unsustainable dividend growth,Unconfirmed future dividend growth,High willingness to pay or grow dividend,Low capacity on Quality Drivers,272
Unsustainable dividend growth,Unconfirmed future dividend growth,High willingness to pay or grow dividend,Low capacity on Quality Drivers,273
Unsustainable dividend growth,Unconfirmed future dividend growth,High willingness to pay or grow dividend,Low capacity on Quality Drivers,274
Unsustainable dividend growth,Unconfirmed future dividend growth,High willingness to pay or grow dividend,Low capacity on Quality Drivers,275
Unsustainable dividend growth,Unconfirmed future dividend growth,High willingness to pay or grow dividend,Low capacity on Quality Drivers,276
Unsustainable dividend growth,Unconfirmed future dividend growth,High willingness to pay or grow dividend,Low capacity on Quality Drivers,277
Unsustainable dividend growth,Unconfirmed future dividend growth,High willingness to pay or grow dividend,Low capacity on Quality Drivers,278
Unsustainable dividend growth,Unconfirmed future dividend growth,High willingness to pay or grow dividend,Low capacity on Quality Drivers,279
Unsustainable dividend growth,Unconfirmed future dividend growth,High willingness to pay or grow dividend,Low capacity on Quality Drivers,280
Unsustainable dividend growth,Unconfirmed future dividend growth,High willingness to pay or grow dividend,Low capacity on Quality Drivers,281
Unsustainable dividend growth,Unconfirmed future dividend growth,High willingness to pay or grow dividend,Low capacity on Quality Drivers,282
Unsustainable dividend growth,Unconfirmed future dividend growth,High willingness to pay or grow dividend,Low capacity on Quality Drivers,283
Unsustainable dividend growth,Unconfirmed future dividend growth,High willingness to pay or grow dividend,Low capacity on Quality Drivers,284
Unsustainable dividend growth,Unconfirmed future dividend growth,High willingness to pay or grow dividend,Low capacity on Quality Drivers,285
Unsustainable dividend growth,Unconfirmed future dividend growth,High willingness to pay or grow dividend,Low capacity on Quality Drivers,286
Unsustainable dividend growth,Unconfirmed future dividend growth,High willingness to pay or grow dividend,Low capacity on Quality Drivers,287
Unsustainable dividend growth,Unconfirmed future dividend growth,High willingness to pay or grow dividend,Low capacity on Quality Drivers,288
Unsustainable dividend growth,Unconfirmed future dividend growth,High willingness to pay or grow dividend,Low capacity on Quality Drivers,289
Unsustainable dividend growth,Unconfirmed future dividend growth,High willingness to pay or grow dividend,Low capacity on Quality Drivers,290
Unsustainable dividend growth,Unconfirmed future dividend growth,High willingness to pay or grow dividend,Low capacity on Quality Drivers,291
Unsustainable dividend growth,Unconfirmed future dividend growth,High willingness to pay or grow dividend,Low capacity on Quality Drivers,292
Unsustainable dividend growth,Unconfirmed future dividend growth,High willingness to pay or grow dividend,Low capacity on Quality Drivers,293
Unsustainable dividend growth,Unconfirmed future dividend growth,High willingness to pay or grow dividend,Low capacity on Quality Drivers,294
Unsustainable dividend growth,Unconfirmed future dividend growth,High willingness to pay or grow dividend,Low capacity on Quality Drivers,295
Unsustainable dividend growth,Unconfirmed future dividend growth,High willingness to pay or grow dividend,Low capacity on Quality Drivers,296
Unsustainable dividend growth,Unconfirmed future dividend growth,High willingness to pay or grow dividend,Low capacity on Quality Drivers,297
Unsustainable dividend growth,Unconfirmed future dividend growth,High willingness to pay or grow dividend,High capacity on Quality Drivers,298
Unsustainable dividend growth,Unconfirmed future dividend growth,High willingness to pay or grow dividend,High capacity on Quality Drivers,299
Unsustainable dividend growth,Unconfirmed future dividend growth,High willingness to pay or grow dividend,High capacity on Quality Drivers,300
Unsustainable dividend growth,Unconfirmed future dividend growth,High willingness to pay or grow dividend,High capacity on Quality Drivers,301
Unsustainable dividend growth,Unconfirmed future dividend growth,Low willingness to pay or grow dividend,Low capacity on Quality Drivers,302
Unsustainable dividend growth,Unconfirmed future dividend growth,Low willingness to pay or grow dividend,Low capacity on Quality Drivers,303
Unsustainable dividend growth,Unconfirmed future dividend growth,Low willingness to pay or grow dividend,Low capacity on Quality Drivers,304
Unsustainable dividend growth,Unconfirmed future dividend growth,Low willingness to pay or grow dividend,Low capacity on Quality Drivers,305
Unsustainable dividend growth,Unconfirmed future dividend growth,Low willingness to pay or grow dividend,Low capacity on Quality Drivers,306
Unsustainable dividend growth,Unconfirmed future dividend growth,Low willingness to pay or grow dividend,Low capacity on Quality Drivers,307
Unsustainable dividend growth,Unconfirmed future dividend growth,Low willingness to pay or grow dividend,Low capacity on Quality Drivers,308
Unsustainable dividend growth,Unconfirmed future dividend growth,Low willingness to pay or grow dividend,Low capacity on Quality Drivers,309
Unsustainable dividend growth,Unconfirmed future dividend growth,Low willingness to pay or grow dividend,Low capacity on Quality Drivers,310
Unsustainable dividend growth,Unconfirmed future dividend growth,Low willingness to pay or grow dividend,Low capacity on Quality Drivers,311
Unsustainable dividend growth,Unconfirmed future dividend growth,Low willingness to pay or grow dividend,Low capacity on Quality Drivers,312
Unsustainable dividend growth,Unconfirmed future dividend growth,Low willingness to pay or grow dividend,Low capacity on Quality Drivers,313
Unsustainable dividend growth,Unconfirmed future dividend growth,Low willingness to pay or grow dividend,Low capacity on Quality Drivers,314
Unsustainable dividend growth,Unconfirmed future dividend growth,Low willingness to pay or grow dividend,Low capacity on Quality Drivers,315
Unsustainable dividend growth,Unconfirmed future dividend growth,Low willingness to pay or grow dividend,Low capacity on Quality Drivers,316
Unsustainable dividend growth,Unconfirmed future dividend growth,Low willingness to pay or grow dividend,Low capacity on Quality Drivers,317
Unsustainable dividend growth,Unconfirmed future dividend growth,Low willingness to pay or grow dividend,Low capacity on Quality Drivers,318
Unsustainable dividend growth,Unconfirmed future dividend growth,Low willingness to pay or grow dividend,Low capacity on Quality Drivers,319
Unsustainable dividend growth,Unconfirmed future dividend growth,Low willingness to pay or grow dividend,Low capacity on Quality Drivers,320
Unsustainable dividend growth,Unconfirmed future dividend growth,Low willingness to pay or grow dividend,Low capacity on Quality Drivers,321
Unsustainable dividend growth,Unconfirmed future dividend growth,Low willingness to pay or grow dividend,Low capacity on Quality Drivers,322
Unsustainable dividend growth,Unconfirmed future dividend growth,Low willingness to pay or grow dividend,Low capacity on Quality Drivers,323
Unsustainable dividend growth,Unconfirmed future dividend growth,Low willingness to pay or grow dividend,Low capacity on Quality Drivers,324
Unsustainable dividend growth,Unconfirmed future dividend growth,Low willingness to pay or grow dividend,Low capacity on Quality Drivers,325
Unsustainable dividend growth,Unconfirmed future dividend growth,Low willingness to pay or grow dividend,Low capacity on Quality Drivers,326
Unsustainable dividend growth,Unconfirmed future dividend growth,Low willingness to pay or grow dividend,Low capacity on Quality Drivers,327
Unsustainable dividend growth,Unconfirmed future dividend growth,Low willingness to pay or grow dividend,Low capacity on Quality Drivers,328
Unsustainable dividend growth,Unconfirmed future dividend growth,Low willingness to pay or grow dividend,Low capacity on Quality Drivers,329
Unsustainable dividend growth,Unconfirmed future dividend growth,Low willingness to pay or grow dividend,Low capacity on Quality Drivers,330
Unsustainable dividend growth,Unconfirmed future dividend growth,Low willingness to pay or grow dividend,Low capacity on Quality Drivers,331
Unsustainable dividend growth,Unconfirmed future dividend growth,Low willingness to pay or grow dividend,Low capacity on Quality Drivers,332
Unsustainable dividend growth,Unconfirmed future dividend growth,Low willingness to pay or grow dividend,Low capacity on Quality Drivers,333
Unsustainable dividend growth,Unconfirmed future dividend growth,Low willingness to pay or grow dividend,Low capacity on Quality Drivers,334
Unsustainable dividend growth,Unconfirmed future dividend growth,Low willingness to pay or grow dividend,Low capacity on Quality Drivers,335
Unsustainable dividend growth,Unconfirmed future dividend growth,Low willingness to pay or grow dividend,Low capacity on Quality Drivers,336
Unsustainable dividend growth,Unconfirmed future dividend growth,Low willingness to pay or grow dividend,Low capacity on Quality Drivers,337
Unsustainable dividend growth,Unconfirmed future dividend growth,Low willingness to pay or grow dividend,Low capacity on Quality Drivers,338
Unsustainable dividend growth,Unconfirmed future dividend growth,Low willingness to pay or grow dividend,Low capacity on Quality Drivers,339
Unsustainable dividend growth,Unconfirmed future dividend growth,Low willingness to pay or grow dividend,Low capacity on Quality Drivers,340
Unsustainable dividend growth,Unconfirmed future dividend growth,Low willingness to pay or grow dividend,Low capacity on Quality Drivers,341
Unsustainable dividend growth,Unconfirmed future dividend growth,Low willingness to pay or grow dividend,Low capacity on Quality Drivers,342
Unsustainable dividend growth,Unconfirmed future dividend growth,Low willingness to pay or grow dividend,Low capacity on Quality Drivers,343
Unsustainable dividend growth,Unconfirmed future dividend growth,Low willingness to pay or grow dividend,Low capacity on Quality Drivers,344
Unsustainable dividend growth,Unconfirmed future dividend growth,Low willingness to pay or grow dividend,Low capacity on Quality Drivers,345
Unsustainable dividend growth,Unconfirmed future dividend growth,Low willingness to pay or grow dividend,Low capacity on Quality Drivers,346
Unsustainable dividend growth,Unconfirmed future dividend growth,Low willingness to pay or grow dividend,Low capacity on Quality Drivers,347
Unsustainable dividend growth,Unconfirmed future dividend growth,Low willingness to pay or grow dividend,Low capacity on Quality Drivers,348
Unsustainable dividend growth,Unconfirmed future dividend growth,Low willingness to pay or grow dividend,Low capacity on Quality Drivers,349
Unsustainable dividend growth,Unconfirmed future dividend growth,Low willingness to pay or grow dividend,Low capacity on Quality Drivers,350
Unsustainable dividend growth,Unconfirmed future dividend growth,Low willingness to pay or grow dividend,Low capacity on Quality Drivers,351
Unsustainable dividend growth,Unconfirmed future dividend growth,Low willingness to pay or grow dividend,Low capacity on Quality Drivers,352
Unsustainable dividend growth,Unconfirmed future dividend growth,Low willingness to pay or grow dividend,Low capacity on Quality Drivers,353
Unsustainable dividend growth,Unconfirmed future dividend growth,Low willingness to pay or grow dividend,Low capacity on Quality Drivers,354
Unsustainable dividend growth,Unconfirmed future dividend growth,Low willingness to pay or grow dividend,Low capacity on Quality Drivers,355
Unsustainable dividend growth,Unconfirmed future dividend growth,Low willingness to pay or grow dividend,Low capacity on Quality Drivers,356
Unsustainable dividend growth,Unconfirmed future dividend growth,Low willingness to pay or grow dividend,Low capacity on Quality Drivers,357
Unsustainable dividend growth,Unconfirmed future dividend growth,Low willingness to pay or grow dividend,Low capacity on Quality Drivers,358
Unsustainable dividend growth,Unconfirmed future dividend growth,Low willingness to pay or grow dividend,High capacity on Quality Drivers,359
Unsustainable dividend growth,Unconfirmed future dividend growth,Low willingness to pay or grow dividend,High capacity on Quality Drivers,360
Unsustainable dividend growth,Unconfirmed future dividend growth,Low willingness to pay or grow dividend,High capacity on Quality Drivers,361
Unsustainable dividend growth,Unconfirmed future dividend growth,Low willingness to pay or grow dividend,High capacity on Quality Drivers,362
Unsustainable dividend growth,Unconfirmed future dividend growth,Low willingness to pay or grow dividend,High capacity on Quality Drivers,363
Unsustainable dividend growth,Unconfirmed future dividend growth,Low willingness to pay or grow dividend,High capacity on Quality Drivers,364
Unsustainable dividend growth,Unconfirmed future dividend growth,Low willingness to pay or grow dividend,High capacity on Quality Drivers,365
Unsustainable dividend growth,Unconfirmed future dividend growth,Low willingness to pay or grow dividend,High capacity on Quality Drivers,366
Unsustainable dividend growth,Unconfirmed future dividend growth,Low willingness to pay or grow dividend,High capacity on Quality Drivers,367
Unsustainable dividend growth,Unconfirmed future dividend growth,Low willingness to pay or grow dividend,High capacity on Quality Drivers,368
Unsustainable dividend growth,Unconfirmed future dividend growth,Low willingness to pay or grow dividend,High capacity on Quality Drivers,369
Unsustainable dividend growth,Unconfirmed future dividend growth,Low willingness to pay or grow dividend,High capacity on Quality Drivers,370
Unsustainable dividend growth,Unconfirmed future dividend growth,Low willingness to pay or grow dividend,High capacity on Quality Drivers,371
Unsustainable dividend growth,Unconfirmed future dividend growth,Low willingness to pay or grow dividend,High capacity on Quality Drivers,372
Unsustainable dividend growth,Unconfirmed future dividend growth,Low willingness to pay or grow dividend,High capacity on Quality Drivers,373
Unsustainable dividend growth,Unconfirmed future dividend growth,Low willingness to pay or grow dividend,High capacity on Quality Drivers,374
Unsustainable dividend growth,Unconfirmed future dividend growth,Low willingness to pay or grow dividend,High capacity on Quality Drivers,375
Unsustainable dividend growth,Unconfirmed future dividend growth,Low willingness to pay or grow dividend,High capacity on Quality Drivers,376
Unsustainable dividend growth,Unconfirmed future dividend growth,Low willingness to pay or grow dividend,High capacity on Quality Drivers,377
Unsustainable dividend growth,Unconfirmed future dividend growth,Low willingness to pay or grow dividend,High capacity on Quality Drivers,378
Unsustainable dividend growth,Unconfirmed future dividend growth,Low willingness to pay or grow dividend,High capacity on Quality Drivers,379
Unsustainable dividend growth,Unconfirmed future dividend growth,Low willingness to pay or grow dividend,High capacity on Quality Drivers,380
Unsustainable dividend growth,Unconfirmed future dividend growth,Low willingness to pay or grow dividend,High capacity on Quality Drivers,381
Unsustainable dividend growth,Unconfirmed future dividend growth,Low willingness to pay or grow dividend,High capacity on Quality Drivers,382
Unsustainable dividend growth,Unconfirmed future dividend growth,Low willingness to pay or grow dividend,High capacity on Quality Drivers,383
Unsustainable dividend growth,Unconfirmed future dividend growth,Low willingness to pay or grow dividend,High capacity on Quality Drivers,384
Unsustainable dividend growth,Unconfirmed future dividend growth,Low willingness to pay or grow dividend,High capacity on Quality Drivers,385
Unsustainable dividend growth,Unconfirmed future dividend growth,Low willingness to pay or grow dividend,High capacity on Quality Drivers,386
Unsustainable dividend growth,Unconfirmed future dividend growth,Low willingness to pay or grow dividend,High capacity on Quality Drivers,387
Unsustainable dividend growth,Unconfirmed future dividend growth,Low willingness to pay or grow dividend,High capacity on Quality Drivers,388
Unsustainable dividend growth,Unconfirmed future dividend growth,Low willingness to pay or grow dividend,High capacity on Quality Drivers,389
Unsustainable dividend growth,Unconfirmed future dividend growth,Low willingness to pay or grow dividend,High capacity on Quality Drivers,390
Unsustainable dividend growth,Unconfirmed future dividend growth,Low willingness to pay or grow dividend,High capacity on Quality Drivers,391
Unsustainable dividend growth,Unconfirmed future dividend growth,Low willingness to pay or grow dividend,High capacity on Quality Drivers,392
Unsustainable dividend growth,Unconfirmed future dividend growth,Low willingness to pay or grow dividend,High capacity on Quality Drivers,393
Unsustainable dividend growth,Unconfirmed future dividend growth,Low willingness to pay or grow dividend,High capacity on Quality Drivers,394
Unsustainable dividend growth,Unconfirmed future dividend growth,Low willingness to pay or grow dividend,High capacity on Quality Drivers,395
Unsustainable dividend growth,Unconfirmed future dividend growth,Low willingness to pay or grow dividend,High capacity on Quality Drivers,396
Unsustainable dividend growth,Unconfirmed future dividend growth,Low willingness to pay or grow dividend,High capacity on Quality Drivers,397
Unsustainable dividend growth,Unconfirmed future dividend growth,Low willingness to pay or grow dividend,High capacity on Quality Drivers,398
Unsustainable dividend growth,Unconfirmed future dividend growth,Low willingness to pay or grow dividend,High capacity on Quality Drivers,399
Unsustainable dividend growth,Unconfirmed future dividend growth,Low willingness to pay or grow dividend,High capacity on Quality Drivers,400
Unsustainable dividend growth,Unconfirmed future dividend growth,Low willingness to pay or grow dividend,High capacity on Quality Drivers,401
BG Dividend Drivers,Unconfirmed future dividend growth,Low willingness to pay or grow dividend,High capacity on Quality Drivers,402
Great co (but no div),Unconfirmed future dividend growth,Low willingness to pay or grow dividend,High capacity on Quality Drivers,403
Great co (but no div),Unconfirmed future dividend growth,Low willingness to pay or grow dividend,High capacity on Quality Drivers,404
Great co (but no div),Unconfirmed future dividend growth,Low willingness to pay or grow dividend,High capacity on Quality Drivers,405
Great co (but no div),Unconfirmed future dividend growth,Low willingness to pay or grow dividend,High capacity on Quality Drivers,406
Great co (but no div),Unconfirmed future dividend growth,Low willingness to pay or grow dividend,High capacity on Quality Drivers,407
Great co (but no div),Unconfirmed future dividend growth,Low willingness to pay or grow dividend,High capacity on Quality Drivers,408
Great co (but no div),Unconfirmed future dividend growth,Low willingness to pay or grow dividend,High capacity on Quality Drivers,409
Great co (but no div),Unconfirmed future dividend growth,Low willingness to pay or grow dividend,High capacity on Quality Drivers,410
Great co (but no div),Unconfirmed future dividend growth,Low willingness to pay or grow dividend,High capacity on Quality Drivers,411
Great co (but no div),Unconfirmed future dividend growth,Low willingness to pay or grow dividend,High capacity on Quality Drivers,412
Great co (but no div),Unconfirmed future dividend growth,Low willingness to pay or grow dividend,High capacity on Quality Drivers,413
Great co (but no div),Unconfirmed future dividend growth,Low willingness to pay or grow dividend,High capacity on Quality Drivers,414
Great co (but no div),Unconfirmed future dividend growth,Low willingness to pay or grow dividend,High capacity on Quality Drivers,415
Great co (but no div),Unconfirmed future dividend growth,Low willingness to pay or grow dividend,High capacity on Quality Drivers,416
Great co (but no div),Unconfirmed future dividend growth,Low willingness to pay or grow dividend,High capacity on Quality Drivers,417
Great co (but no div),Unconfirmed future dividend growth,Low willingness to pay or grow dividend,High capacity on Quality Drivers,418
Great co (but no div),Unconfirmed future dividend growth,Low willingness to pay or grow dividend,High capacity on Quality Drivers,419
Great co (but no div),Unconfirmed future dividend growth,Low willingness to pay or grow dividend,High capacity on Quality Drivers,420
Great co (but no div),Unconfirmed future dividend growth,Low willingness to pay or grow dividend,High capacity on Quality Drivers,421
Great co (but no div),Unconfirmed future dividend growth,Low willingness to pay or grow dividend,High capacity on Quality Drivers,422
Great co (but no div),Unconfirmed future dividend growth,Low willingness to pay or grow dividend,High capacity on Quality Drivers,423
Great co (but no div),Unconfirmed future dividend growth,Low willingness to pay or grow dividend,High capacity on Quality Drivers,424
Great co (but no div),Unconfirmed future dividend growth,Low willingness to pay or grow dividend,High capacity on Quality Drivers,425
Great co (but no div),Unconfirmed future dividend growth,Low willingness to pay or grow dividend,High capacity on Quality Drivers,426
Great co (but no div),Unconfirmed future dividend growth,Low willingness to pay or grow dividend,High capacity on Quality Drivers,427
Great co (but no div),Unconfirmed future dividend growth,Low willingness to pay or grow dividend,High capacity on Quality Drivers,428
Great co (but no div),Unconfirmed future dividend growth,Low willingness to pay or grow dividend,High capacity on Quality Drivers,429
Great co (but no div),Unconfirmed future dividend growth,Low willingness to pay or grow dividend,High capacity on Quality Drivers,430
Great co (but no div),Unconfirmed future dividend growth,Low willingness to pay or grow dividend,High capacity on Quality Drivers,431
Great co (but no div),Unconfirmed future dividend growth,Low willingness to pay or grow dividend,High capacity on Quality Drivers,432
Great co (but no div),Unconfirmed future dividend growth,Low willingness to pay or grow dividend,High capacity on Quality Drivers,433
Great co (but no div),Unconfirmed future dividend growth,Low willingness to pay or grow dividend,High capacity on Quality Drivers,434
Great co (but no div),Unconfirmed future dividend growth,Low willingness to pay or grow dividend,High capacity on Quality Drivers,435
Great co (but no div),Unconfirmed future dividend growth,Low willingness to pay or grow dividend,High capacity on Quality Drivers,436
Great co (but no div),Unconfirmed future dividend growth,Low willingness to pay or grow dividend,High capacity on Quality Drivers,437
Great co (but no div),Unconfirmed future dividend growth,Low willingness to pay or grow dividend,High capacity on Quality Drivers,438
Great co (but no div),Unconfirmed future dividend growth,Low willingness to pay or grow dividend,High capacity on Quality Drivers,439
Great co (but no div),Unconfirmed future dividend growth,Low willingness to pay or grow dividend,High capacity on Quality Drivers,440
Great co (but no div),Unconfirmed future dividend growth,Low willingness to pay or grow dividend,High capacity on Quality Drivers,441
Great co (but no div),Unconfirmed future dividend growth,Low willingness to pay or grow dividend,High capacity on Quality Drivers,442
Great co (but no div),Unconfirmed future dividend growth,Low willingness to pay or grow dividend,High capacity on Quality Drivers,443
Great co (but no div),Unconfirmed future dividend growth,Low willingness to pay or grow dividend,High capacity on Quality Drivers,444
Great co (but no div),Unconfirmed future dividend growth,Low willingness to pay or grow dividend,High capacity on Quality Drivers,445
Great co (but no div),Unconfirmed future dividend growth,Low willingness to pay or grow dividend,High capacity on Quality Drivers,446
Great co (but no div),Unconfirmed future dividend growth,Low willingness to pay or grow dividend,High capacity on Quality Drivers,447
Great co (but no div),Unconfirmed future dividend growth,Low willingness to pay or grow dividend,High capacity on Quality Drivers,448
Great co (but no div),Unconfirmed future dividend growth,Low willingness to pay or grow dividend,High capacity on Quality Drivers,449
Great co (but no div),Confirmed/sustainable forecast dividend growth,High willingness to pay or grow dividend,High capacity on Quality Drivers,450
BG Dividend Drivers,Confirmed/sustainable forecast dividend growth,High willingness to pay or grow dividend,High capacity on Quality Drivers,451
BG Dividend Drivers,Confirmed/sustainable forecast dividend growth,High willingness to pay or grow dividend,High capacity on Quality Drivers,452
BG Dividend Drivers,Confirmed/sustainable forecast dividend growth,High willingness to pay or grow dividend,High capacity on Quality Drivers,453
BG Dividend Drivers,Confirmed/sustainable forecast dividend growth,High willingness to pay or grow dividend,High capacity on Quality Drivers,454
BG Dividend Drivers,Confirmed/sustainable forecast dividend growth,High willingness to pay or grow dividend,High capacity on Quality Drivers,455
BG Dividend Drivers,Confirmed/sustainable forecast dividend growth,High willingness to pay or grow dividend,High capacity on Quality Drivers,456
BG Dividend Drivers,Confirmed/sustainable forecast dividend growth,High willingness to pay or grow dividend,High capacity on Quality Drivers,457
BG Dividend Drivers,Confirmed/sustainable forecast dividend growth,High willingness to pay or grow dividend,High capacity on Quality Drivers,458
BG Dividend Drivers,Confirmed/sustainable forecast dividend growth,High willingness to pay or grow dividend,High capacity on Quality Drivers,459
BG Dividend Drivers,Confirmed/sustainable forecast dividend growth,High willingness to pay or grow dividend,High capacity on Quality Drivers,460
BG Dividend Drivers,Confirmed/sustainable forecast dividend growth,High willingness to pay or grow dividend,High capacity on Quality Drivers,461
BG Dividend Drivers,Confirmed/sustainable forecast dividend growth,High willingness to pay or grow dividend,High capacity on Quality Drivers,462
BG Dividend Drivers,Confirmed/sustainable forecast dividend growth,High willingness to pay or grow dividend,High capacity on Quality Drivers,463
BG Dividend Drivers,Confirmed/sustainable forecast dividend growth,High willingness to pay or grow dividend,High capacity on Quality Drivers,464
BG Dividend Drivers,Confirmed/sustainable forecast dividend growth,High willingness to pay or grow dividend,High capacity on Quality Drivers,465
BG Dividend Drivers,Confirmed/sustainable forecast dividend growth,High willingness to pay or grow dividend,High capacity on Quality Drivers,466
BG Dividend Drivers,Confirmed/sustainable forecast dividend growth,High willingness to pay or grow dividend,High capacity on Quality Drivers,467
BG Dividend Drivers,Confirmed/sustainable forecast dividend growth,High willingness to pay or grow dividend,High capacity on Quality Drivers,468
BG Dividend Drivers,Confirmed/sustainable forecast dividend growth,High willingness to pay or grow dividend,High capacity on Quality Drivers,469
BG Dividend Drivers,Confirmed/sustainable forecast dividend growth,High willingness to pay or grow dividend,High capacity on Quality Drivers,470
BG Dividend Drivers,Confirmed/sustainable forecast dividend growth,High willingness to pay or grow dividend,High capacity on Quality Drivers,471
BG Dividend Drivers,Confirmed/sustainable forecast dividend growth,High willingness to pay or grow dividend,High capacity on Quality Drivers,472
BG Dividend Drivers,Confirmed/sustainable forecast dividend growth,High willingness to pay or grow dividend,High capacity on Quality Drivers,473
BG Dividend Drivers,Confirmed/sustainable forecast dividend growth,High willingness to pay or grow dividend,High capacity on Quality Drivers,474
BG Dividend Drivers,Confirmed/sustainable forecast dividend growth,High willingness to pay or grow dividend,High capacity on Quality Drivers,475
BG Dividend Drivers,Confirmed/sustainable forecast dividend growth,High willingness to pay or grow dividend,High capacity on Quality Drivers,476
BG Dividend Drivers,Confirmed/sustainable forecast dividend growth,High willingness to pay or grow dividend,High capacity on Quality Drivers,477
BG Dividend Drivers,Confirmed/sustainable forecast dividend growth,High willingness to pay or grow dividend,High capacity on Quality Drivers,478
BG Dividend Drivers,Confirmed/sustainable forecast dividend growth,High willingness to pay or grow dividend,High capacity on Quality Drivers,479
BG Dividend Drivers,Confirmed/sustainable forecast dividend growth,High willingness to pay or grow dividend,High capacity on Quality Drivers,480
BG Dividend Drivers,Confirmed/sustainable forecast dividend growth,High willingness to pay or grow dividend,High capacity on Quality Drivers,481
BG Dividend Drivers,Confirmed/sustainable forecast dividend growth,High willingness to pay or grow dividend,High capacity on Quality Drivers,482
BG Dividend Drivers,Confirmed/sustainable forecast dividend growth,High willingness to pay or grow dividend,High capacity on Quality Drivers,483
BG Dividend Drivers,Confirmed/sustainable forecast dividend growth,High willingness to pay or grow dividend,High capacity on Quality Drivers,484
BG Dividend Drivers,Confirmed/sustainable forecast dividend growth,High willingness to pay or grow dividend,High capacity on Quality Drivers,485
BG Dividend Drivers,Confirmed/sustainable forecast dividend growth,High willingness to pay or grow dividend,High capacity on Quality Drivers,486
BG Dividend Drivers,Confirmed/sustainable forecast dividend growth,High willingness to pay or grow dividend,High capacity on Quality Drivers,487
BG Dividend Drivers,Confirmed/sustainable forecast dividend growth,High willingness to pay or grow dividend,High capacity on Quality Drivers,488
BG Dividend Drivers,Confirmed/sustainable forecast dividend growth,High willingness to pay or grow dividend,High capacity on Quality Drivers,489
BG Dividend Drivers,Confirmed/sustainable forecast dividend growth,High willingness to pay or grow dividend,High capacity on Quality Drivers,490
BG Dividend Drivers,Confirmed/sustainable forecast dividend growth,High willingness to pay or grow dividend,High capacity on Quality Drivers,491
BG Dividend Drivers,Confirmed/sustainable forecast dividend growth,High willingness to pay or grow dividend,High capacity on Quality Drivers,492
BG Dividend Drivers,Confirmed/sustainable forecast dividend growth,High willingness to pay or grow dividend,High capacity on Quality Drivers,493
BG Dividend Drivers,Confirmed/sustainable forecast dividend growth,High willingness to pay or grow dividend,High capacity on Quality Drivers,494
BG Dividend Drivers,Confirmed/sustainable forecast dividend growth,High willingness to pay or grow dividend,High capacity on Quality Drivers,495
BG Dividend Drivers,Confirmed/sustainable forecast dividend growth,High willingness to pay or grow dividend,High capacity on Quality Drivers,496
BG Dividend Drivers,Confirmed/sustainable forecast dividend growth,High willingness to pay or grow dividend,High capacity on Quality Drivers,497
BG Dividend Drivers,Confirmed/sustainable forecast dividend growth,High willingness to pay or grow dividend,High capacity on Quality Drivers,498
BG Dividend Drivers,Confirmed/sustainable forecast dividend growth,High willingness to pay or grow dividend,High capacity on Quality Drivers,499
BG Dividend Drivers,Confirmed/sustainable forecast dividend growth,High willingness to pay or grow dividend,High capacity on Quality Drivers,500
BG Dividend Drivers,Confirmed/sustainable forecast dividend growth,High willingness to pay or grow dividend,High capacity on Quality Drivers,501
BG Dividend Drivers,Confirmed/sustainable forecast dividend growth,High willingness to pay or grow dividend,High capacity on Quality Drivers,502
BG Dividend Drivers,Confirmed/sustainable forecast dividend growth,High willingness to pay or grow dividend,High capacity on Quality Drivers,503
