Outlook,Sustainability,Willingness,Capacity
Speculative,Unconfirmed future dividend growth,Low willingness to pay or grow dividend,Low capacity on Quality Drivers
Speculative,Unconfirmed future dividend growth,High willingness to pay or grow dividend,Low capacity on Quality Drivers
Speculative,Unconfirmed future dividend growth,High willingness to pay or grow dividend,Low capacity on Quality Drivers
Speculative,Unconfirmed future dividend growth,High willingness to pay or grow dividend,Low capacity on Quality Drivers
Speculative,Unconfirmed future dividend growth,High willingness to pay or grow dividend,Low capacity on Quality Drivers
Speculative,Unconfirmed future dividend growth,High willingness to pay or grow dividend,Low capacity on Quality Drivers
Speculative,Unconfirmed future dividend growth,High willingness to pay or grow dividend,Low capacity on Quality Drivers
Speculative,Unconfirmed future dividend growth,High willingness to pay or grow dividend,Low capacity on Quality Drivers
Speculative,Unconfirmed future dividend growth,High willingness to pay or grow dividend,Low capacity on Quality Drivers
Speculative,Unconfirmed future dividend growth,High willingness to pay or grow dividend,Low capacity on Quality Drivers
Speculative,Unconfirmed future dividend growth,High willingness to pay or grow dividend,Low capacity on Quality Drivers
Speculative,Unconfirmed future dividend growth,High willingness to pay or grow dividend,Low capacity on Quality Drivers
Speculative,Unconfirmed future dividend growth,High willingness to pay or grow dividend,Low capacity on Quality Drivers
Speculative,Unconfirmed future dividend growth,High willingness to pay or grow dividend,Low capacity on Quality Drivers
Speculative,Unconfirmed future dividend growth,Low willingness to pay or grow dividend,Low capacity on Quality Drivers
Speculative,Unconfirmed future dividend growth,Low willingness to pay or grow dividend,Low capacity on Quality Drivers
Speculative,Unconfirmed future dividend growth,Low willingness to pay or grow dividend,Low capacity on Quality Drivers
Speculative,Unconfirmed future dividend growth,Low willingness to pay or grow dividend,Low capacity on Quality Drivers
Speculative,Unconfirmed future dividend growth,Low willingness to pay or grow dividend,Low capacity on Quality Drivers
Speculative,Unconfirmed future dividend growth,Low willingness to pay or grow dividend,Low capacity on Quality Drivers
Speculative,Unconfirmed future dividend growth,Low willingness to pay or grow dividend,Low capacity on Quality Drivers
Speculative,Unconfirmed future dividend growth,Low willingness to pay or grow dividend,Low capacity on Quality Drivers
Speculative,Unconfirmed future dividend growth,Low willingness to pay or grow dividend,Low capacity on Quality Drivers
Speculative,Unconfirmed future dividend growth,Low willingness to pay or grow dividend,Low capacity on Quality Drivers
Speculative,Unconfirmed future dividend growth,High willingness to pay or grow dividend,Low capacity on Quality Drivers
Speculative,Unconfirmed future dividend growth,High willingness to pay or grow dividend,Low capacity on Quality Drivers
Speculative,Unconfirmed future dividend growth,High willingness to pay or grow dividend,Low capacity on Quality Drivers
Speculative,Unconfirmed future dividend growth,High willingness to pay or grow dividend,Low capacity on Quality Drivers
Speculative,Unconfirmed future dividend growth,High willingness to pay or grow dividend,Low capacity on Quality Drivers
Speculative,Unconfirmed future dividend growth,High willingness to pay or grow dividend,Low capacity on Quality Drivers
Speculative,Unconfirmed future dividend growth,High willingness to pay or grow dividend,Low capacity on Quality Drivers
Speculative,Unconfirmed future dividend growth,High willingness to pay or grow dividend,Low capacity on Quality Drivers
Speculative,Unconfirmed future dividend growth,High willingness to pay or grow dividend,Low capacity on Quality Drivers
Speculative,Unconfirmed future dividend growth,High willingness to pay or grow dividend,Low capacity on Quality Drivers
Speculative,Unconfirmed future dividend growth,High willingness to pay or grow dividend,Low capacity on Quality Drivers
Speculative,Unconfirmed future dividend growth,High willingness to pay or grow dividend,Low capacity on Quality Drivers
Speculative,Unconfirmed future dividend growth,High willingness to pay or grow dividend,Low capacity on Quality Drivers
Speculative,Unconfirmed future dividend growth,High willingness to pay or grow dividend,Low capacity on Quality Drivers
Speculative,Unconfirmed future dividend growth,High willingness to pay or grow dividend,Low capacity on Quality Drivers
Speculative,Unconfirmed future dividend growth,High willingness to pay or grow dividend,Low capacity on Quality Drivers
Speculative,Unconfirmed future dividend growth,High willingness to pay or grow dividend,Low capacity on Quality Drivers
Speculative,Unconfirmed future dividend growth,High willingness to pay or grow dividend,Low capacity on Quality Drivers
Speculative,Unconfirmed future dividend growth,High willingness to pay or grow dividend,Low capacity on Quality Drivers
Speculative,Unconfirmed future dividend growth,High willingness to pay or grow dividend,Low capacity on Quality Drivers
Speculative,Unconfirmed future dividend growth,High willingness to pay or grow dividend,Low capacity on Quality Drivers
Speculative,Unconfirmed future dividend growth,High willingness to pay or grow dividend,Low capacity on Quality Drivers
Speculative,Unconfirmed future dividend growth,High willingness to pay or grow dividend,Low capacity on Quality Drivers
Speculative,Unconfirmed future dividend growth,High willingness to pay or grow dividend,Low capacity on Quality Drivers
Speculative,Unconfirmed future dividend growth,High willingness to pay or grow dividend,Low capacity on Quality Drivers
Speculative,Unconfirmed future dividend growth,High willingness to pay or grow dividend,Low capacity on Quality Drivers
Speculative,Unconfirmed future dividend growth,High willingness to pay or grow dividend,Low capacity on Quality Drivers
Speculative,Unconfirmed future dividend growth,High willingness to pay or grow dividend,Low capacity on Quality Drivers
Speculative,Unconfirmed future dividend growth,High willingness to pay or grow dividend,Low capacity on Quality Drivers
Speculative,Unconfirmed future dividend growth,High willingness to pay or grow dividend,Low capacity on Quality Drivers
Speculative,Unconfirmed future dividend growth,High willingness to pay or grow dividend,Low capacity on Quality Drivers
Speculative,Unconfirmed future dividend growth,High willingness to pay or grow dividend,Low capacity on Quality Drivers
Speculative,Unconfirmed future dividend growth,High willingness to pay or grow dividend,Low capacity on Quality Drivers
Speculative,Unconfirmed future dividend growth,High willingness to pay or grow dividend,Low capacity on Quality Drivers
Speculative,Unconfirmed future dividend growth,High willingness to pay or grow dividend,Low capacity on Quality Drivers
Speculative,Unconfirmed future dividend growth,High willingness to pay or grow dividend,Low capacity on Quality Drivers
Speculative,Unconfirmed future dividend growth,High willingness to pay or grow dividend,Low capacity on Quality Drivers
Speculative,Unconfirmed future dividend growth,High willingness to pay or grow dividend,Low capacity on Quality Drivers
Speculative,Unconfirmed future dividend growth,High willingness to pay or grow dividend,Low capacity on Quality Drivers
Speculative,Unconfirmed future dividend growth,High willingness to pay or grow dividend,Low capacity on Quality Drivers
Speculative,Unconfirmed future dividend growth,High willingness to pay or grow dividend,Low capacity on Quality Drivers
Speculative,Unconfirmed future dividend growth,High willingness to pay or grow dividend,Low capacity on Quality Drivers
Speculative,Unconfirmed future dividend growth,High willingness to pay or grow dividend,Low capacity on Quality Drivers
Speculative,Unconfirmed future dividend growth,High willingness to pay or grow dividend,Low capacity on Quality Drivers
Speculative,Unconfirmed future dividend growth,High willingness to pay or grow dividend,Low capacity on Quality Drivers
Speculative,Unconfirmed future dividend growth,High willingness to pay or grow dividend,Low capacity on Quality Drivers
Speculative,Unconfirmed future dividend growth,High willingness to pay or grow dividend,Low capacity on Quality Drivers
Speculative,Unconfirmed future dividend growth,High willingness to pay or grow dividend,Low capacity on Quality Drivers
Speculative,Unconfirmed future dividend growth,High willingness to pay or grow dividend,Low capacity on Quality Drivers
Speculative,Unconfirmed future dividend growth,High willingness to pay or grow dividend,Low capacity on Quality Drivers
Speculative,Unconfirmed future dividend growth,High willingness to pay or grow dividend,Low capacity on Quality Drivers
Speculative,Unconfirmed future dividend growth,High willingness to pay or grow dividend,Low capacity on Quality Drivers
Speculative,Unconfirmed future dividend growth,High willingness to pay or grow dividend,Low capacity on Quality Drivers
Speculative,Unconfirmed future dividend growth,High willingness to pay or grow dividend,Low capacity on Quality Drivers
Speculative,Unconfirmed future dividend growth,High willingness to pay or grow dividend,Low capacity on Quality Drivers
Speculative,Unconfirmed future dividend growth,High willingness to pay or grow dividend,Low capacity on Quality Drivers
Speculative,Unconfirmed future dividend growth,High willingness to pay or grow dividend,Low capacity on Quality Drivers
Speculative,Unconfirmed future dividend growth,High willingness to pay or grow dividend,Low capacity on Quality Drivers
Speculative,Unconfirmed future dividend growth,High willingness to pay or grow dividend,Low capacity on Quality Drivers
Speculative,Unconfirmed future dividend growth,High willingness to pay or grow dividend,Low capacity on Quality Drivers
Speculative,Unconfirmed future dividend growth,High willingness to pay or grow dividend,Low capacity on Quality Drivers
Speculative,Unconfirmed future dividend growth,High willingness to pay or grow dividend,Low capacity on Quality Drivers
Speculative,Unconfirmed future dividend growth,High willingness to pay or grow dividend,Low capacity on Quality Drivers
Speculative,Unconfirmed future dividend growth,High willingness to pay or grow dividend,Low capacity on Quality Drivers
Speculative,Unconfirmed future dividend growth,High willingness to pay or grow dividend,Low capacity on Quality Drivers
Speculative,Unconfirmed future dividend growth,High willingness to pay or grow dividend,Low capacity on Quality Drivers
Speculative,Unconfirmed future dividend growth,High willingness to pay or grow dividend,Low capacity on Quality Drivers
Speculative,Unconfirmed future dividend growth,High willingness to pay or grow dividend,Low capacity on Quality Drivers
Speculative,Unconfirmed future dividend growth,High willingness to pay or grow dividend,Low capacity on Quality Drivers
Speculative,Unconfirmed future dividend growth,High willingness to pay or grow dividend,Low capacity on Quality Drivers
Speculative,Unconfirmed future dividend growth,High willingness to pay or grow dividend,Low capacity on Quality Drivers
Speculative,Unconfirmed future dividend growth,High willingness to pay or grow dividend,Low capacity on Quality Drivers
Speculative,Unconfirmed future dividend growth,High willingness to pay or grow dividend,Low capacity on Quality Drivers
Speculative,Unconfirmed future dividend growth,High willingness to pay or grow dividend,Low capacity on Quality Drivers
Speculative,Unconfirmed future dividend growth,High willingness to pay or grow dividend,Low capacity on Quality Drivers
Speculative,Unconfirmed future dividend growth,High willingness to pay or grow dividend,Low capacity on Quality Drivers
Speculative,Unconfirmed future dividend growth,High willingness to pay or grow dividend,Low capacity on Quality Drivers
Speculative,Unconfirmed future dividend growth,High willingness to pay or grow dividend,Low capacity on Quality Drivers
Speculative,Unconfirmed future dividend growth,High willingness to pay or grow dividend,Low capacity on Quality Drivers
Speculative,Unconfirmed future dividend growth,High willingness to pay or grow dividend,Low capacity on Quality Drivers
Speculative,Unconfirmed future dividend growth,High willingness to pay or grow dividend,Low capacity on Quality Drivers
Speculative,Unconfirmed future dividend growth,High willingness to pay or grow dividend,Low capacity on Quality Drivers
Speculative,Unconfirmed future dividend growth,High willingness to pay or grow dividend,Low capacity on Quality Drivers
Speculative,Unconfirmed future dividend growth,High willingness to pay or grow dividend,Low capacity on Quality Drivers
Speculative,Unconfirmed future dividend growth,High willingness to pay or grow dividend,Low capacity on Quality Drivers
Speculative,Unconfirmed future dividend growth,High willingness to pay or grow dividend,Low capacity on Quality Drivers
Speculative,Unconfirmed future dividend growth,High willingness to pay or grow dividend,Low capacity on Quality Drivers
Speculative,Unconfirmed future dividend growth,High willingness to pay or grow dividend,Low capacity on Quality Drivers
Speculative,Unconfirmed future dividend growth,High willingness to pay or grow dividend,Low capacity on Quality Drivers
Speculative,Unconfirmed future dividend growth,High willingness to pay or grow dividend,Low capacity on Quality Drivers
Speculative,Unconfirmed future dividend growth,High willingness to pay or grow dividend,Low capacity on Quality Drivers
Speculative,Unconfirmed future dividend growth,High willingness to pay or grow dividend,Low capacity on Quality Drivers
Speculative,Unconfirmed future dividend growth,High willingness to pay or grow dividend,Low capacity on Quality Drivers
Speculative,Unconfirmed future dividend growth,Low willingness to pay or grow dividend,Low capacity on Quality Drivers
Speculative,Unconfirmed future dividend growth,Low willingness to pay or grow dividend,Low capacity on Quality Drivers
Speculative,Unconfirmed future dividend growth,Low willingness to pay or grow dividend,Low capacity on Quality Drivers
Speculative,Unconfirmed future dividend growth,Low willingness to pay or grow dividend,Low capacity on Quality Drivers
Speculative,Unconfirmed future dividend growth,Low willingness to pay or grow dividend,Low capacity on Quality Drivers
Speculative,Unconfirmed future dividend growth,Low willingness to pay or grow dividend,Low capacity on Quality Drivers
Speculative,Unconfirmed future dividend growth,Low willingness to pay or grow dividend,Low capacity on Quality Drivers
Speculative,Unconfirmed future dividend growth,Low willingness to pay or grow dividend,Low capacity on Quality Drivers
Speculative,Unconfirmed future dividend growth,Low willingness to pay or grow dividend,Low capacity on Quality Drivers
Speculative,Unconfirmed future dividend growth,Low willingness to pay or grow dividend,Low capacity on Quality Drivers
Speculative,Unconfirmed future dividend growth,Low willingness to pay or grow dividend,Low capacity on Quality Drivers
Speculative,Unconfirmed future dividend growth,Low willingness to pay or grow dividend,Low capacity on Quality Drivers
Speculative,Unconfirmed future dividend growth,Low willingness to pay or grow dividend,Low capacity on Quality Drivers
Speculative,Unconfirmed future dividend growth,Low willingness to pay or grow dividend,Low capacity on Quality Drivers
Speculative,Unconfirmed future dividend growth,Low willingness to pay or grow dividend,Low capacity on Quality Drivers
Speculative,Unconfirmed future dividend growth,Low willingness to pay or grow dividend,Low capacity on Quality Drivers
Speculative,Unconfirmed future dividend growth,Low willingness to pay or grow dividend,Low capacity on Quality Drivers
Speculative,Unconfirmed future dividend growth,Low willingness to pay or grow dividend,Low capacity on Quality Drivers
Speculative,Unconfirmed future dividend growth,Low willingness to pay or grow dividend,Low capacity on Quality Drivers
Speculative,Unconfirmed future dividend growth,Low willingness to pay or grow dividend,Low capacity on Quality Drivers
Speculative,Unconfirmed future dividend growth,Low willingness to pay or grow dividend,Low capacity on Quality Drivers
Speculative,Unconfirmed future dividend growth,Low willingness to pay or grow dividend,Low capacity on Quality Drivers
Speculative,Unconfirmed future dividend growth,Low willingness to pay or grow dividend,Low capacity on Quality Drivers
Speculative,Unconfirmed future dividend growth,Low willingness to pay or grow dividend,Low capacity on Quality Drivers
Speculative,Unconfirmed future dividend growth,Low willingness to pay or grow dividend,Low capacity on Quality Drivers
Speculative,Unconfirmed future dividend growth,Low willingness to pay or grow dividend,Low capacity on Quality Drivers
Speculative,Unconfirmed future dividend growth,Low willingness to pay or grow dividend,Low capacity on Quality Drivers
Speculative,Unconfirmed future dividend growth,Low willingness to pay or grow dividend,Low capacity on Quality Drivers
Speculative,Unconfirmed future dividend growth,Low willingness to pay or grow dividend,Low capacity on Quality Drivers
Speculative,Unconfirmed future dividend growth,Low willingness to pay or grow dividend,Low capacity on Quality Drivers
Speculative,Unconfirmed future dividend growth,Low willingness to pay or grow dividend,Low capacity on Quality Drivers
Speculative,Unconfirmed future dividend growth,Low willingness to pay or grow dividend,Low capacity on Quality Drivers
Speculative,Unconfirmed future dividend growth,Low willingness to pay or grow dividend,Low capacity on Quality Drivers
Speculative,Unconfirmed future dividend growth,Low willingness to pay or grow dividend,Low capacity on Quality Drivers
Unsustainable dividend growth,Unconfirmed future dividend growth,High willingness to pay or grow dividend,Low capacity on Quality Drivers
Unsustainable dividend growth,Unconfirmed future dividend growth,Low willingness to pay or grow dividend,Low capacity on Quality Drivers
Unsustainable dividend growth,Unconfirmed future dividend growth,Low willingness to pay or grow dividend,Low capacity on Quality Drivers
Unsustainable dividend growth,Unconfirmed future dividend growth,Low willingness to pay or grow dividend,Low capacity on Quality Drivers
Unsustainable dividend growth,Unconfirmed future dividend growth,Low willingness to pay or grow dividend,Low capacity on Quality Drivers
Unsustainable dividend growth,Unconfirmed future dividend growth,Low willingness to pay or grow dividend,Low capacity on Quality Drivers
Unsustainable dividend growth,Unconfirmed future dividend growth,High willingness to pay or grow dividend,Low capacity on Quality Drivers
Unsustainable dividend growth,Unconfirmed future dividend growth,High willingness to pay or grow dividend,Low capacity on Quality Drivers
Unsustainable dividend growth,Unconfirmed future dividend growth,High willingness to pay or grow dividend,Low capacity on Quality Drivers
Unsustainable dividend growth,Unconfirmed future dividend growth,High willingness to pay or grow dividend,Low capacity on Quality Drivers
Unsustainable dividend growth,Unconfirmed future dividend growth,High willingness to pay or grow dividend,Low capacity on Quality Drivers
Unsustainable dividend growth,Unconfirmed future dividend growth,High willingness to pay or grow dividend,Low capacity on Quality Drivers
Unsustainable dividend growth,Unconfirmed future dividend growth,High willingness to pay or grow dividend,Low capacity on Quality Drivers
Unsustainable dividend growth,Unconfirmed future dividend growth,High willingness to pay or grow dividend,Low capacity on Quality Drivers
Unsustainable dividend growth,Unconfirmed future dividend growth,High willingness to pay or grow dividend,Low capacity on Quality Drivers
Unsustainable dividend growth,Unconfirmed future dividend growth,High willingness to pay or grow dividend,Low capacity on Quality Drivers
Unsustainable dividend growth,Unconfirmed future dividend growth,High willingness to pay or grow dividend,Low capacity on Quality Drivers
Unsustainable dividend growth,Unconfirmed future dividend growth,High willingness to pay or grow dividend,Low capacity on Quality Drivers
Unsustainable dividend growth,Unconfirmed future dividend growth,High willingness to pay or grow dividend,Low capacity on Quality Drivers
Unsustainable dividend growth,Unconfirmed future dividend growth,High willingness to pay or grow dividend,Low capacity on Quality Drivers
Unsustainable dividend growth,Unconfirmed future dividend growth,High willingness to pay or grow dividend,Low capacity on Quality Drivers
Unsustainable dividend growth,Unconfirmed future dividend growth,High willingness to pay or grow dividend,Low capacity on Quality Drivers
Unsustainable dividend growth,Unconfirmed future dividend growth,High willingness to pay or grow dividend,Low capacity on Quality Drivers
Unsustainable dividend growth,Unconfirmed future dividend growth,High willingness to pay or grow dividend,Low capacity on Quality Drivers
Unsustainable dividend growth,Unconfirmed future dividend growth,High willingness to pay or grow dividend,Low capacity on Quality Drivers
Unsustainable dividend growth,Unconfirmed future dividend growth,High willingness to pay or grow dividend,Low capacity on Quality Drivers
Unsustainable dividend growth,Unconfirmed future dividend growth,High willingness to pay or grow dividend,Low capacity on Quality Drivers
Unsustainable dividend growth,Unconfirmed future dividend growth,High willingness to pay or grow dividend,Low capacity on Quality Drivers
Unsustainable dividend growth,Unconfirmed future dividend growth,High willingness to pay or grow dividend,Low capacity on Quality Drivers
Unsustainable dividend growth,Unconfirmed future dividend growth,High willingness to pay or grow dividend,Low capacity on Quality Drivers
Unsustainable dividend growth,Unconfirmed future dividend growth,High willingness to pay or grow dividend,Low capacity on Quality Drivers
Unsustainable dividend growth,Unconfirmed future dividend growth,High willingness to pay or grow dividend,Low capacity on Quality Drivers
Unsustainable dividend growth,Unconfirmed future dividend growth,High willingness to pay or grow dividend,Low capacity on Quality Drivers
Unsustainable dividend growth,Unconfirmed future dividend growth,High willingness to pay or grow dividend,Low capacity on Quality Drivers
Unsustainable dividend growth,Unconfirmed future dividend growth,High willingness to pay or grow dividend,Low capacity on Quality Drivers
Unsustainable dividend growth,Unconfirmed future dividend growth,High willingness to pay or grow dividend,Low capacity on Quality Drivers
Unsustainable dividend growth,Unconfirmed future dividend growth,High willingness to pay or grow dividend,Low capacity on Quality Drivers
Unsustainable dividend growth,Unconfirmed future dividend growth,High willingness to pay or grow dividend,Low capacity on Quality Drivers
Unsustainable dividend growth,Unconfirmed future dividend growth,High willingness to pay or grow dividend,Low capacity on Quality Drivers
Unsustainable dividend growth,Unconfirmed future dividend growth,High willingness to pay or grow dividend,Low capacity on Quality Drivers
Unsustainable dividend growth,Unconfirmed future dividend growth,High willingness to pay or grow dividend,Low capacity on Quality Drivers
Unsustainable dividend growth,Unconfirmed future dividend growth,High willingness to pay or grow dividend,Low capacity on Quality Drivers
Unsustainable dividend growth,Unconfirmed future dividend growth,High willingness to pay or grow dividend,Low capacity on Quality Drivers
Unsustainable dividend growth,Unconfirmed future dividend growth,High willingness to pay or grow dividend,Low capacity on Quality Drivers
Unsustainable dividend growth,Unconfirmed future dividend growth,High willingness to pay or grow dividend,Low capacity on Quality Drivers
Unsustainable dividend growth,Unconfirmed future dividend growth,High willingness to pay or grow dividend,Low capacity on Quality Drivers
Unsustainable dividend growth,Unconfirmed future dividend growth,High willingness to pay or grow dividend,Low capacity on Quality Drivers
Unsustainable dividend growth,Unconfirmed future dividend growth,High willingness to pay or grow dividend,Low capacity on Quality Drivers
Unsustainable dividend growth,Unconfirmed future dividend growth,High willingness to pay or grow dividend,Low capacity on Quality Drivers
Unsustainable dividend growth,Unconfirmed future dividend growth,High willingness to pay or grow dividend,Low capacity on Quality Drivers
Unsustainable dividend growth,Unconfirmed future dividend growth,High willingness to pay or grow dividend,Low capacity on Quality Drivers
Unsustainable dividend growth,Unconfirmed future dividend growth,High willingness to pay or grow dividend,Low capacity on Quality Drivers
Unsustainable dividend growth,Unconfirmed future dividend growth,High willingness to pay or grow dividend,Low capacity on Quality Drivers
Unsustainable dividend growth,Unconfirmed future dividend growth,High willingness to pay or grow dividend,Low capacity on Quality Drivers
Unsustainable dividend growth,Unconfirmed future dividend growth,High willingness to pay or grow dividend,Low capacity on Quality Drivers
Unsustainable dividend growth,Unconfirmed future dividend growth,High willingness to pay or grow dividend,Low capacity on Quality Drivers
Unsustainable dividend growth,Unconfirmed future dividend growth,High willingness to pay or grow dividend,Low capacity on Quality Drivers
Unsustainable dividend growth,Unconfirmed future dividend growth,High willingness to pay or grow dividend,Low capacity on Quality Drivers
Unsustainable dividend growth,Unconfirmed future dividend growth,High willingness to pay or grow dividend,Low capacity on Quality Drivers
Unsustainable dividend growth,Unconfirmed future dividend growth,High willingness to pay or grow dividend,Low capacity on Quality Drivers
Unsustainable dividend growth,Unconfirmed future dividend growth,High willingness to pay or grow dividend,Low capacity on Quality Drivers
Unsustainable dividend growth,Unconfirmed future dividend growth,High willingness to pay or grow dividend,Low capacity on Quality Drivers
Unsustainable dividend growth,Unconfirmed future dividend growth,High willingness to pay or grow dividend,Low capacity on Quality Drivers
Unsustainable dividend growth,Unconfirmed future dividend growth,High willingness to pay or grow dividend,Low capacity on Quality Drivers
Unsustainable dividend growth,Unconfirmed future dividend growth,High willingness to pay or grow dividend,Low capacity on Quality Drivers
Unsustainable dividend growth,Unconfirmed future dividend growth,High willingness to pay or grow dividend,Low capacity on Quality Drivers
Unsustainable dividend growth,Unconfirmed future dividend growth,High willingness to pay or grow dividend,Low capacity on Quality Drivers
Unsustainable dividend growth,Unconfirmed future dividend growth,High willingness to pay or grow dividend,Low capacity on Quality Drivers
Unsustainable dividend growth,Unconfirmed future dividend growth,High willingness to pay or grow dividend,Low capacity on Quality Drivers
Unsustainable dividend growth,Unconfirmed future dividend growth,High willingness to pay or grow dividend,Low capacity on Quality Drivers
Unsustainable dividend growth,Unconfirmed future dividend growth,High willingness to pay or grow dividend,Low capacity on Quality Drivers
Unsustainable dividend growth,Unconfirmed future dividend growth,High willingness to pay or grow dividend,Low capacity on Quality Drivers
Unsustainable dividend growth,Unconfirmed future dividend growth,High willingness to pay or grow dividend,Low capacity on Quality Drivers
Unsustainable dividend growth,Unconfirmed future dividend growth,High willingness to pay or grow dividend,Low capacity on Quality Drivers
Unsustainable dividend growth,Unconfirmed future dividend growth,High willingness to pay or grow dividend,Low capacity on Quality Drivers
Unsustainable dividend growth,Unconfirmed future dividend growth,High willingness to pay or grow dividend,Low capacity on Quality Drivers
Unsustainable dividend growth,Unconfirmed future dividend growth,High willingness to pay or grow dividend,Low capacity on Quality Drivers
Unsustainable dividend growth,Unconfirmed future dividend growth,High willingness to pay or grow dividend,Low capacity on Quality Drivers
Unsustainable dividend growth,Unconfirmed future dividend growth,High willingness to pay or grow dividend,Low capacity on Quality Drivers
Unsustainable dividend growth,Unconfirmed future dividend growth,High willingness to pay or grow dividend,Low capacity on Quality Drivers
Unsustainable dividend growth,Unconfirmed future dividend growth,High willingness to pay or grow dividend,Low capacity on Quality Drivers
Unsustainable dividend growth,Unconfirmed future dividend growth,High willingness to pay or grow dividend,Low capacity on Quality Drivers
Unsustainable dividend growth,Unconfirmed future dividend growth,High willingness to pay or grow dividend,Low capacity on Quality Drivers
Unsustainable dividend growth,Unconfirmed future dividend growth,High willingness to pay or grow dividend,Low capacity on Quality Drivers
Unsustainable dividend growth,Unconfirmed future dividend growth,High willingness to pay or grow dividend,Low capacity on Quality Drivers
Unsustainable dividend growth,Unconfirmed future dividend growth,High willingness to pay or grow dividend,Low capacity on Quality Drivers
Unsustainable dividend growth,Unconfirmed future dividend growth,High willingness to pay or grow dividend,Low capacity on Quality Drivers
Unsustainable dividend growth,Unconfirmed future dividend growth,High willingness to pay or grow dividend,Low capacity on Quality Drivers
Unsustainable dividend growth,Unconfirmed future dividend growth,High willingness to pay or grow dividend,Low capacity on Quality Drivers
Unsustainable dividend growth,Unconfirmed future dividend growth,High willingness to pay or grow dividend,Low capacity on Quality Drivers
Unsustainable dividend growth,Unconfirmed future dividend growth,High willingness to pay or grow dividend,Low capacity on Quality Drivers
Unsustainable dividend growth,Unconfirmed future dividend growth,High willingness to pay or grow dividend,Low capacity on Quality Drivers
Unsustainable dividend growth,Unconfirmed future dividend growth,High willingness to pay or grow dividend,Low capacity on Quality Drivers
Unsustainable dividend growth,Unconfirmed future dividend growth,High willingness to pay or grow dividend,Low capacity on Quality Drivers
Unsustainable dividend growth,Unconfirmed future dividend growth,High willingness to pay or grow dividend,Low capacity on Quality Drivers
Unsustainable dividend growth,Unconfirmed future dividend growth,High willingness to pay or grow dividend,Low capacity on Quality Drivers
Unsustainable dividend growth,Unconfirmed future dividend growth,High willingness to pay or grow dividend,Low capacity on Quality Drivers
Unsustainable dividend growth,Unconfirmed future dividend growth,High willingness to pay or grow dividend,Low capacity on Quality Drivers
Unsustainable dividend growth,Unconfirmed future dividend growth,High willingness to pay or grow dividend,Low capacity on Quality Drivers
Unsustainable dividend growth,Unconfirmed future dividend growth,High willingness to pay or grow dividend,Low capacity on Quality Drivers
Unsustainable dividend growth,Unconfirmed future dividend growth,High willingness to pay or grow dividend,Low capacity on Quality Drivers
Unsustainable dividend growth,Unconfirmed future dividend growth,High willingness to pay or grow dividend,Low capacity on Quality Drivers
Unsustainable dividend growth,Unconfirmed future dividend growth,High willingness to pay or grow dividend,Low capacity on Quality Drivers
Unsustainable dividend growth,Unconfirmed future dividend growth,High willingness to pay or grow dividend,Low capacity on Quality Drivers
Unsustainable dividend growth,Unconfirmed future dividend growth,High willingness to pay or grow dividend,Low capacity on Quality Drivers
Unsustainable dividend growth,Unconfirmed future dividend growth,High willingness to pay or grow dividend,Low capacity on Quality Drivers
Unsustainable dividend growth,Unconfirmed future dividend growth,High willingness to pay or grow dividend,Low capacity on Quality Drivers
Unsustainable dividend growth,Unconfirmed future dividend growth,High willingness to pay or grow dividend,Low capacity on Quality Drivers
Unsustainable dividend growth,Unconfirmed future dividend growth,High willingness to pay or grow dividend,Low capacity on Quality Drivers
Unsustainable dividend growth,Unconfirmed future dividend growth,High willingness to pay or grow dividend,Low capacity on Quality Drivers
Unsustainable dividend growth,Unconfirmed future dividend growth,High willingness to pay or grow dividend,Low capacity on Quality Drivers
Unsustainable dividend growth,Unconfirmed future dividend growth,High willingness to pay or grow dividend,Low capacity on Quality Drivers
Unsustainable dividend growth,Unconfirmed future dividend growth,High willingness to pay or grow dividend,Low capacity on Quality Drivers
Unsustainable dividend growth,Unconfirmed future dividend growth,High willingness to pay or grow dividend,Low capacity on Quality Drivers
Unsustainable dividend growth,Unconfirmed future dividend growth,High willingness to pay or grow dividend,Low capacity on Quality Drivers
Unsustainable dividend growth,Unconfirmed future dividend growth,High willingness to pay or grow dividend,Low capacity on Quality Drivers
Unsustainable dividend growth,Unconfirmed future dividend growth,High willingness to pay or grow dividend,Low capacity on Quality Drivers
Unsustainable dividend growth,Unconfirmed future dividend growth,High willingness to pay or grow dividend,Low capacity on Quality Drivers
Unsustainable dividend growth,Unconfirmed future dividend growth,High willingness to pay or grow dividend,Low capacity on Quality Drivers
Unsustainable dividend growth,Unconfirmed future dividend growth,High willingness to pay or grow dividend,Low capacity on Quality Drivers
Unsustainable dividend growth,Unconfirmed future dividend growth,High willingness to pay or grow dividend,Low capacity on Quality Drivers
Unsustainable dividend growth,Unconfirmed future dividend growth,High willingness to pay or grow dividend,Low capacity on Quality Drivers
Unsustainable dividend growth,Unconfirmed future dividend growth,High willingness to pay or grow dividend,Low capacity on Quality Drivers
Unsustainable dividend growth,Unconfirmed future dividend growth,High willingness to pay or grow dividend,Low capacity on Quality Drivers
Unsustainable dividend growth,Unconfirmed future dividend growth,High willingness to pay or grow dividend,Low capacity on Quality Drivers
Unsustainable dividend growth,Unconfirmed future dividend growth,High willingness to pay or grow dividend,Low capacity on Quality Drivers
Unsustainable dividend growth,Unconfirmed future dividend growth,High willingness to pay or grow dividend,Low capacity on Quality Drivers
Unsustainable dividend growth,Unconfirmed future dividend growth,High willingness to pay or grow dividend,Low capacity on Quality Drivers
Unsustainable dividend growth,Unconfirmed future dividend growth,High willingness to pay or grow dividend,Low capacity on Quality Drivers
Unsustainable dividend growth,Unconfirmed future dividend growth,High willingness to pay or grow dividend,Low capacity on Quality Drivers
Unsustainable dividend growth,Unconfirmed future dividend growth,High willingness to pay or grow dividend,Low capacity on Quality Drivers
Unsustainable dividend growth,Unconfirmed future dividend growth,High willingness to pay or grow dividend,Low capacity on Quality Drivers
Unsustainable dividend growth,Unconfirmed future dividend growth,High willingness to pay or grow dividend,Low capacity on Quality Drivers
Unsustainable dividend growth,Unconfirmed future dividend growth,High willingness to pay or grow dividend,Low capacity on Quality Drivers
Unsustainable dividend growth,Unconfirmed future dividend growth,High willingness to pay or grow dividend,Low capacity on Quality Drivers
Unsustainable dividend growth,Unconfirmed future dividend growth,High willingness to pay or grow dividend,Low capacity on Quality Drivers
Unsustainable dividend growth,Unconfirmed future dividend growth,High willingness to pay or grow dividend,Low capacity on Quality Drivers
Unsustainable dividend growth,Unconfirmed future dividend growth,High willingness to pay or grow dividend,Low capacity on Quality Drivers
Unsustainable dividend growth,Unconfirmed future dividend growth,High willingness to pay or grow dividend,Low capacity on Quality Drivers
Unsustainable dividend growth,Unconfirmed future dividend growth,High willingness to pay or grow dividend,Low capacity on Quality Drivers
Unsustainable dividend growth,Unconfirmed future dividend growth,High willingness to pay or grow dividend,Low capacity on Quality Drivers
Unsustainable dividend growth,Unconfirmed future dividend growth,High willingness to pay or grow dividend,Low capacity on Quality Drivers
Unsustainable dividend growth,Unconfirmed future dividend growth,High willingness to pay or grow dividend,Low capacity on Quality Drivers
Unsustainable dividend growth,Unconfirmed future dividend growth,High willingness to pay or grow dividend,Low capacity on Quality Drivers
Unsustainable dividend growth,Unconfirmed future dividend growth,High willingness to pay or grow dividend,Low capacity on Quality Drivers
Unsustainable dividend growth,Unconfirmed future dividend growth,High willingness to pay or grow dividend,Low capacity on Quality Drivers
Unsustainable dividend growth,Unconfirmed future dividend growth,High willingness to pay or grow dividend,High capacity on Quality Drivers
Unsustainable dividend growth,Unconfirmed future dividend growth,High willingness to pay or grow dividend,High capacity on Quality Drivers
Unsustainable dividend growth,Unconfirmed future dividend growth,High willingness to pay or grow dividend,High capacity on Quality Drivers
Unsustainable dividend growth,Unconfirmed future dividend growth,High willingness to pay or grow dividend,High capacity on Quality Drivers
Unsustainable dividend growth,Unconfirmed future dividend growth,Low willingness to pay or grow dividend,Low capacity on Quality Drivers
Unsustainable dividend growth,Unconfirmed future dividend growth,Low willingness to pay or grow dividend,Low capacity on Quality Drivers
Unsustainable dividend growth,Unconfirmed future dividend growth,Low willingness to pay or grow dividend,Low capacity on Quality Drivers
Unsustainable dividend growth,Unconfirmed future dividend growth,Low willingness to pay or grow dividend,Low capacity on Quality Drivers
Unsustainable dividend growth,Unconfirmed future dividend growth,Low willingness to pay or grow dividend,Low capacity on Quality Drivers
Unsustainable dividend growth,Unconfirmed future dividend growth,Low willingness to pay or grow dividend,Low capacity on Quality Drivers
Unsustainable dividend growth,Unconfirmed future dividend growth,Low willingness to pay or grow dividend,Low capacity on Quality Drivers
Unsustainable dividend growth,Unconfirmed future dividend growth,Low willingness to pay or grow dividend,Low capacity on Quality Drivers
Unsustainable dividend growth,Unconfirmed future dividend growth,Low willingness to pay or grow dividend,Low capacity on Quality Drivers
Unsustainable dividend growth,Unconfirmed future dividend growth,Low willingness to pay or grow dividend,Low capacity on Quality Drivers
Unsustainable dividend growth,Unconfirmed future dividend growth,Low willingness to pay or grow dividend,Low capacity on Quality Drivers
Unsustainable dividend growth,Unconfirmed future dividend growth,Low willingness to pay or grow dividend,Low capacity on Quality Drivers
Unsustainable dividend growth,Unconfirmed future dividend growth,Low willingness to pay or grow dividend,Low capacity on Quality Drivers
Unsustainable dividend growth,Unconfirmed future dividend growth,Low willingness to pay or grow dividend,Low capacity on Quality Drivers
Unsustainable dividend growth,Unconfirmed future dividend growth,Low willingness to pay or grow dividend,Low capacity on Quality Drivers
Unsustainable dividend growth,Unconfirmed future dividend growth,Low willingness to pay or grow dividend,Low capacity on Quality Drivers
Unsustainable dividend growth,Unconfirmed future dividend growth,Low willingness to pay or grow dividend,Low capacity on Quality Drivers
Unsustainable dividend growth,Unconfirmed future dividend growth,Low willingness to pay or grow dividend,Low capacity on Quality Drivers
Unsustainable dividend growth,Unconfirmed future dividend growth,Low willingness to pay or grow dividend,Low capacity on Quality Drivers
Unsustainable dividend growth,Unconfirmed future dividend growth,Low willingness to pay or grow dividend,Low capacity on Quality Drivers
Unsustainable dividend growth,Unconfirmed future dividend growth,Low willingness to pay or grow dividend,Low capacity on Quality Drivers
Unsustainable dividend growth,Unconfirmed future dividend growth,Low willingness to pay or grow dividend,Low capacity on Quality Drivers
Unsustainable dividend growth,Unconfirmed future dividend growth,Low willingness to pay or grow dividend,Low capacity on Quality Drivers
Unsustainable dividend growth,Unconfirmed future dividend growth,Low willingness to pay or grow dividend,Low capacity on Quality Drivers
Unsustainable dividend growth,Unconfirmed future dividend growth,Low willingness to pay or grow dividend,Low capacity on Quality Drivers
Unsustainable dividend growth,Unconfirmed future dividend growth,Low willingness to pay or grow dividend,Low capacity on Quality Drivers
Unsustainable dividend growth,Unconfirmed future dividend growth,Low willingness to pay or grow dividend,Low capacity on Quality Drivers
Unsustainable dividend growth,Unconfirmed future dividend growth,Low willingness to pay or grow dividend,Low capacity on Quality Drivers
Unsustainable dividend growth,Unconfirmed future dividend growth,Low willingness to pay or grow dividend,Low capacity on Quality Drivers
Unsustainable dividend growth,Unconfirmed future dividend growth,Low willingness to pay or grow dividend,Low capacity on Quality Drivers
Unsustainable dividend growth,Unconfirmed future dividend growth,Low willingness to pay or grow dividend,Low capacity on Quality Drivers
Unsustainable dividend growth,Unconfirmed future dividend growth,Low willingness to pay or grow dividend,Low capacity on Quality Drivers
Unsustainable dividend growth,Unconfirmed future dividend growth,Low willingness to pay or grow dividend,Low capacity on Quality Drivers
Unsustainable dividend growth,Unconfirmed future dividend growth,Low willingness to pay or grow dividend,Low capacity on Quality Drivers
Unsustainable dividend growth,Unconfirmed future dividend growth,Low willingness to pay or grow dividend,Low capacity on Quality Drivers
Unsustainable dividend growth,Unconfirmed future dividend growth,Low willingness to pay or grow dividend,Low capacity on Quality Drivers
Unsustainable dividend growth,Unconfirmed future dividend growth,Low willingness to pay or grow dividend,Low capacity on Quality Drivers
Unsustainable dividend growth,Unconfirmed future dividend growth,Low willingness to pay or grow dividend,Low capacity on Quality Drivers
Unsustainable dividend growth,Unconfirmed future dividend growth,Low willingness to pay or grow dividend,Low capacity on Quality Drivers
Unsustainable dividend growth,Unconfirmed future dividend growth,Low willingness to pay or grow dividend,Low capacity on Quality Drivers
Unsustainable dividend growth,Unconfirmed future dividend growth,Low willingness to pay or grow dividend,Low capacity on Quality Drivers
Unsustainable dividend growth,Unconfirmed future dividend growth,Low willingness to pay or grow dividend,Low capacity on Quality Drivers
Unsustainable dividend growth,Unconfirmed future dividend growth,Low willingness to pay or grow dividend,Low capacity on Quality Drivers
Unsustainable dividend growth,Unconfirmed future dividend growth,Low willingness to pay or grow dividend,Low capacity on Quality Drivers
Unsustainable dividend growth,Unconfirmed future dividend growth,Low willingness to pay or grow dividend,Low capacity on Quality Drivers
Unsustainable dividend growth,Unconfirmed future dividend growth,Low willingness to pay or grow dividend,Low capacity on Quality Drivers
Unsustainable dividend growth,Unconfirmed future dividend growth,Low willingness to pay or grow dividend,Low capacity on Quality Drivers
Unsustainable dividend growth,Unconfirmed future dividend growth,Low willingness to pay or grow dividend,Low capacity on Quality Drivers
Unsustainable dividend growth,Unconfirmed future dividend growth,Low willingness to pay or grow dividend,Low capacity on Quality Drivers
Unsustainable dividend growth,Unconfirmed future dividend growth,Low willingness to pay or grow dividend,Low capacity on Quality Drivers
Unsustainable dividend growth,Unconfirmed future dividend growth,Low willingness to pay or grow dividend,Low capacity on Quality Drivers
Unsustainable dividend growth,Unconfirmed future dividend growth,Low willingness to pay or grow dividend,Low capacity on Quality Drivers
Unsustainable dividend growth,Unconfirmed future dividend growth,Low willingness to pay or grow dividend,Low capacity on Quality Drivers
Unsustainable dividend growth,Unconfirmed future dividend growth,Low willingness to pay or grow dividend,Low capacity on Quality Drivers
Unsustainable dividend growth,Unconfirmed future dividend growth,Low willingness to pay or grow dividend,Low capacity on Quality Drivers
Unsustainable dividend growth,Unconfirmed future dividend growth,Low willingness to pay or grow dividend,Low capacity on Quality Drivers
Unsustainable dividend growth,Unconfirmed future dividend growth,Low willingness to pay or grow dividend,Low capacity on Quality Drivers
Unsustainable dividend growth,Unconfirmed future dividend growth,Low willingness to pay or grow dividend,High capacity on Quality Drivers
Unsustainable dividend growth,Unconfirmed future dividend growth,Low willingness to pay or grow dividend,High capacity on Quality Drivers
Unsustainable dividend growth,Unconfirmed future dividend growth,Low willingness to pay or grow dividend,High capacity on Quality Drivers
Unsustainable dividend growth,Unconfirmed future dividend growth,Low willingness to pay or grow dividend,High capacity on Quality Drivers
Unsustainable dividend growth,Unconfirmed future dividend growth,Low willingness to pay or grow dividend,High capacity on Quality Drivers
Unsustainable dividend growth,Unconfirmed future dividend growth,Low willingness to pay or grow dividend,High capacity on Quality Drivers
Unsustainable dividend growth,Unconfirmed future dividend growth,Low willingness to pay or grow dividend,High capacity on Quality Drivers
Unsustainable dividend growth,Unconfirmed future dividend growth,Low willingness to pay or grow dividend,High capacity on Quality Drivers
Unsustainable dividend growth,Unconfirmed future dividend growth,Low willingness to pay or grow dividend,High capacity on Quality Drivers
Unsustainable dividend growth,Unconfirmed future dividend growth,Low willingness to pay or grow dividend,High capacity on Quality Drivers
Unsustainable dividend growth,Unconfirmed future dividend growth,Low willingness to pay or grow dividend,High capacity on Quality Drivers
Unsustainable dividend growth,Unconfirmed future dividend growth,Low willingness to pay or grow dividend,High capacity on Quality Drivers
Unsustainable dividend growth,Unconfirmed future dividend growth,Low willingness to pay or grow dividend,High capacity on Quality Drivers
Unsustainable dividend growth,Unconfirmed future dividend growth,Low willingness to pay or grow dividend,High capacity on Quality Drivers
Unsustainable dividend growth,Unconfirmed future dividend growth,Low willingness to pay or grow dividend,High capacity on Quality Drivers
Unsustainable dividend growth,Unconfirmed future dividend growth,Low willingness to pay or grow dividend,High capacity on Quality Drivers
Unsustainable dividend growth,Unconfirmed future dividend growth,Low willingness to pay or grow dividend,High capacity on Quality Drivers
Unsustainable dividend growth,Unconfirmed future dividend growth,Low willingness to pay or grow dividend,High capacity on Quality Drivers
Unsustainable dividend growth,Unconfirmed future dividend growth,Low willingness to pay or grow dividend,High capacity on Quality Drivers
Unsustainable dividend growth,Unconfirmed future dividend growth,Low willingness to pay or grow dividend,High capacity on Quality Drivers
Unsustainable dividend growth,Unconfirmed future dividend growth,Low willingness to pay or grow dividend,High capacity on Quality Drivers
Unsustainable dividend growth,Unconfirmed future dividend growth,Low willingness to pay or grow dividend,High capacity on Quality Drivers
Unsustainable dividend growth,Unconfirmed future dividend growth,Low willingness to pay or grow dividend,High capacity on Quality Drivers
Unsustainable dividend growth,Unconfirmed future dividend growth,Low willingness to pay or grow dividend,High capacity on Quality Drivers
Unsustainable dividend growth,Unconfirmed future dividend growth,Low willingness to pay or grow dividend,High capacity on Quality Drivers
Unsustainable dividend growth,Unconfirmed future dividend growth,Low willingness to pay or grow dividend,High capacity on Quality Drivers
Unsustainable dividend growth,Unconfirmed future dividend growth,Low willingness to pay or grow dividend,High capacity on Quality Drivers
Unsustainable dividend growth,Unconfirmed future dividend growth,Low willingness to pay or grow dividend,High capacity on Quality Drivers
Unsustainable dividend growth,Unconfirmed future dividend growth,Low willingness to pay or grow dividend,High capacity on Quality Drivers
Unsustainable dividend growth,Unconfirmed future dividend growth,Low willingness to pay or grow dividend,High capacity on Quality Drivers
Unsustainable dividend growth,Unconfirmed future dividend growth,Low willingness to pay or grow dividend,High capacity on Quality Drivers
Unsustainable dividend growth,Unconfirmed future dividend growth,Low willingness to pay or grow dividend,High capacity on Quality Drivers
Unsustainable dividend growth,Unconfirmed future dividend growth,Low willingness to pay or grow dividend,High capacity on Quality Drivers
Unsustainable dividend growth,Unconfirmed future dividend growth,Low willingness to pay or grow dividend,High capacity on Quality Drivers
Unsustainable dividend growth,Unconfirmed future dividend growth,Low willingness to pay or grow dividend,High capacity on Quality Drivers
Unsustainable dividend growth,Unconfirmed future dividend growth,Low willingness to pay or grow dividend,High capacity on Quality Drivers
Unsustainable dividend growth,Unconfirmed future dividend growth,Low willingness to pay or grow dividend,High capacity on Quality Drivers
Unsustainable dividend growth,Unconfirmed future dividend growth,Low willingness to pay or grow dividend,High capacity on Quality Drivers
Unsustainable dividend growth,Unconfirmed future dividend growth,Low willingness to pay or grow dividend,High capacity on Quality Drivers
Unsustainable dividend growth,Unconfirmed future dividend growth,Low willingness to pay or grow dividend,High capacity on Quality Drivers
Unsustainable dividend growth,Unconfirmed future dividend growth,Low willingness to pay or grow dividend,High capacity on Quality Drivers
Unsustainable dividend growth,Unconfirmed future dividend growth,Low willingness to pay or grow dividend,High capacity on Quality Drivers
Unsustainable dividend growth,Unconfirmed future dividend growth,Low willingness to pay or grow dividend,High capacity on Quality Drivers
BG Dividend Drivers,Unconfirmed future dividend growth,Low willingness to pay or grow dividend,High capacity on Quality Drivers
Great co (but no div),Unconfirmed future dividend growth,Low willingness to pay or grow dividend,High capacity on Quality Drivers
Great co (but no div),Unconfirmed future dividend growth,Low willingness to pay or grow dividend,High capacity on Quality Drivers
Great co (but no div),Unconfirmed future dividend growth,Low willingness to pay or grow dividend,High capacity on Quality Drivers
Great co (but no div),Unconfirmed future dividend growth,Low willingness to pay or grow dividend,High capacity on Quality Drivers
Great co (but no div),Unconfirmed future dividend growth,Low willingness to pay or grow dividend,High capacity on Quality Drivers
Great co (but no div),Unconfirmed future dividend growth,Low willingness to pay or grow dividend,High capacity on Quality Drivers
Great co (but no div),Unconfirmed future dividend growth,Low willingness to pay or grow dividend,High capacity on Quality Drivers
Great co (but no div),Unconfirmed future dividend growth,Low willingness to pay or grow dividend,High capacity on Quality Drivers
Great co (but no div),Unconfirmed future dividend growth,Low willingness to pay or grow dividend,High capacity on Quality Drivers
Great co (but no div),Unconfirmed future dividend growth,Low willingness to pay or grow dividend,High capacity on Quality Drivers
Great co (but no div),Unconfirmed future dividend growth,Low willingness to pay or grow dividend,High capacity on Quality Drivers
Great co (but no div),Unconfirmed future dividend growth,Low willingness to pay or grow dividend,High capacity on Quality Drivers
Great co (but no div),Unconfirmed future dividend growth,Low willingness to pay or grow dividend,High capacity on Quality Drivers
Great co (but no div),Unconfirmed future dividend growth,Low willingness to pay or grow dividend,High capacity on Quality Drivers
Great co (but no div),Unconfirmed future dividend growth,Low willingness to pay or grow dividend,High capacity on Quality Drivers
Great co (but no div),Unconfirmed future dividend growth,Low willingness to pay or grow dividend,High capacity on Quality Drivers
Great co (but no div),Unconfirmed future dividend growth,Low willingness to pay or grow dividend,High capacity on Quality Drivers
Great co (but no div),Unconfirmed future dividend growth,Low willingness to pay or grow dividend,High capacity on Quality Drivers
Great co (but no div),Unconfirmed future dividend growth,Low willingness to pay or grow dividend,High capacity on Quality Drivers
Great co (but no div),Unconfirmed future dividend growth,Low willingness to pay or grow dividend,High capacity on Quality Drivers
Great co (but no div),Unconfirmed future dividend growth,Low willingness to pay or grow dividend,High capacity on Quality Drivers
Great co (but no div),Unconfirmed future dividend growth,Low willingness to pay or grow dividend,High capacity on Quality Drivers
Great co (but no div),Unconfirmed future dividend growth,Low willingness to pay or grow dividend,High capacity on Quality Drivers
Great co (but no div),Unconfirmed future dividend growth,Low willingness to pay or grow dividend,High capacity on Quality Drivers
Great co (but no div),Unconfirmed future dividend growth,Low willingness to pay or grow dividend,High capacity on Quality Drivers
Great co (but no div),Unconfirmed future dividend growth,Low willingness to pay or grow dividend,High capacity on Quality Drivers
Great co (but no div),Unconfirmed future dividend growth,Low willingness to pay or grow dividend,High capacity on Quality Drivers
Great co (but no div),Unconfirmed future dividend growth,Low willingness to pay or grow dividend,High capacity on Quality Drivers
Great co (but no div),Unconfirmed future dividend growth,Low willingness to pay or grow dividend,High capacity on Quality Drivers
Great co (but no div),Unconfirmed future dividend growth,Low willingness to pay or grow dividend,High capacity on Quality Drivers
Great co (but no div),Unconfirmed future dividend growth,Low willingness to pay or grow dividend,High capacity on Quality Drivers
Great co (but no div),Unconfirmed future dividend growth,Low willingness to pay or grow dividend,High capacity on Quality Drivers
Great co (but no div),Unconfirmed future dividend growth,Low willingness to pay or grow dividend,High capacity on Quality Drivers
Great co (but no div),Unconfirmed future dividend growth,Low willingness to pay or grow dividend,High capacity on Quality Drivers
Great co (but no div),Unconfirmed future dividend growth,Low willingness to pay or grow dividend,High capacity on Quality Drivers
Great co (but no div),Unconfirmed future dividend growth,Low willingness to pay or grow dividend,High capacity on Quality Drivers
Great co (but no div),Unconfirmed future dividend growth,Low willingness to pay or grow dividend,High capacity on Quality Drivers
Great co (but no div),Unconfirmed future dividend growth,Low willingness to pay or grow dividend,High capacity on Quality Drivers
Great co (but no div),Unconfirmed future dividend growth,Low willingness to pay or grow dividend,High capacity on Quality Drivers
Great co (but no div),Unconfirmed future dividend growth,Low willingness to pay or grow dividend,High capacity on Quality Drivers
Great co (but no div),Unconfirmed future dividend growth,Low willingness to pay or grow dividend,High capacity on Quality Drivers
Great co (but no div),Unconfirmed future dividend growth,Low willingness to pay or grow dividend,High capacity on Quality Drivers
Great co (but no div),Unconfirmed future dividend growth,Low willingness to pay or grow dividend,High capacity on Quality Drivers
Great co (but no div),Unconfirmed future dividend growth,Low willingness to pay or grow dividend,High capacity on Quality Drivers
Great co (but no div),Unconfirmed future dividend growth,Low willingness to pay or grow dividend,High capacity on Quality Drivers
Great co (but no div),Unconfirmed future dividend growth,Low willingness to pay or grow dividend,High capacity on Quality Drivers
Great co (but no div),Unconfirmed future dividend growth,Low willingness to pay or grow dividend,High capacity on Quality Drivers
Great co (but no div),Confirmed/sustainable forecast dividend growth,High willingness to pay or grow dividend,High capacity on Quality Drivers
BG Dividend Drivers,Confirmed/sustainable forecast dividend growth,High willingness to pay or grow dividend,High capacity on Quality Drivers
BG Dividend Drivers,Confirmed/sustainable forecast dividend growth,High willingness to pay or grow dividend,High capacity on Quality Drivers
BG Dividend Drivers,Confirmed/sustainable forecast dividend growth,High willingness to pay or grow dividend,High capacity on Quality Drivers
BG Dividend Drivers,Confirmed/sustainable forecast dividend growth,High willingness to pay or grow dividend,High capacity on Quality Drivers
BG Dividend Drivers,Confirmed/sustainable forecast dividend growth,High willingness to pay or grow dividend,High capacity on Quality Drivers
BG Dividend Drivers,Confirmed/sustainable forecast dividend growth,High willingness to pay or grow dividend,High capacity on Quality Drivers
BG Dividend Drivers,Confirmed/sustainable forecast dividend growth,High willingness to pay or grow dividend,High capacity on Quality Drivers
BG Dividend Drivers,Confirmed/sustainable forecast dividend growth,High willingness to pay or grow dividend,High capacity on Quality Drivers
BG Dividend Drivers,Confirmed/sustainable forecast dividend growth,High willingness to pay or grow dividend,High capacity on Quality Drivers
BG Dividend Drivers,Confirmed/sustainable forecast dividend growth,High willingness to pay or grow dividend,High capacity on Quality Drivers
BG Dividend Drivers,Confirmed/sustainable forecast dividend growth,High willingness to pay or grow dividend,High capacity on Quality Drivers
BG Dividend Drivers,Confirmed/sustainable forecast dividend growth,High willingness to pay or grow dividend,High capacity on Quality Drivers
BG Dividend Drivers,Confirmed/sustainable forecast dividend growth,High willingness to pay or grow dividend,High capacity on Quality Drivers
BG Dividend Drivers,Confirmed/sustainable forecast dividend growth,High willingness to pay or grow dividend,High capacity on Quality Drivers
BG Dividend Drivers,Confirmed/sustainable forecast dividend growth,High willingness to pay or grow dividend,High capacity on Quality Drivers
BG Dividend Drivers,Confirmed/sustainable forecast dividend growth,High willingness to pay or grow dividend,High capacity on Quality Drivers
BG Dividend Drivers,Confirmed/sustainable forecast dividend growth,High willingness to pay or grow dividend,High capacity on Quality Drivers
BG Dividend Drivers,Confirmed/sustainable forecast dividend growth,High willingness to pay or grow dividend,High capacity on Quality Drivers
BG Dividend Drivers,Confirmed/sustainable forecast dividend growth,High willingness to pay or grow dividend,High capacity on Quality Drivers
BG Dividend Drivers,Confirmed/sustainable forecast dividend growth,High willingness to pay or grow dividend,High capacity on Quality Drivers
BG Dividend Drivers,Confirmed/sustainable forecast dividend growth,High willingness to pay or grow dividend,High capacity on Quality Drivers
BG Dividend Drivers,Confirmed/sustainable forecast dividend growth,High willingness to pay or grow dividend,High capacity on Quality Drivers
BG Dividend Drivers,Confirmed/sustainable forecast dividend growth,High willingness to pay or grow dividend,High capacity on Quality Drivers
BG Dividend Drivers,Confirmed/sustainable forecast dividend growth,High willingness to pay or grow dividend,High capacity on Quality Drivers
BG Dividend Drivers,Confirmed/sustainable forecast dividend growth,High willingness to pay or grow dividend,High capacity on Quality Drivers
BG Dividend Drivers,Confirmed/sustainable forecast dividend growth,High willingness to pay or grow dividend,High capacity on Quality Drivers
BG Dividend Drivers,Confirmed/sustainable forecast dividend growth,High willingness to pay or grow dividend,High capacity on Quality Drivers
BG Dividend Drivers,Confirmed/sustainable forecast dividend growth,High willingness to pay or grow dividend,High capacity on Quality Drivers
BG Dividend Drivers,Confirmed/sustainable forecast dividend growth,High willingness to pay or grow dividend,High capacity on Quality Drivers
BG Dividend Drivers,Confirmed/sustainable forecast dividend growth,High willingness to pay or grow dividend,High capacity on Quality Drivers
BG Dividend Drivers,Confirmed/sustainable forecast dividend growth,High willingness to pay or grow dividend,High capacity on Quality Drivers
BG Dividend Drivers,Confirmed/sustainable forecast dividend growth,High willingness to pay or grow dividend,High capacity on Quality Drivers
BG Dividend Drivers,Confirmed/sustainable forecast dividend growth,High willingness to pay or grow dividend,High capacity on Quality Drivers
BG Dividend Drivers,Confirmed/sustainable forecast dividend growth,High willingness to pay or grow dividend,High capacity on Quality Drivers
BG Dividend Drivers,Confirmed/sustainable forecast dividend growth,High willingness to pay or grow dividend,High capacity on Quality Drivers
BG Dividend Drivers,Confirmed/sustainable forecast dividend growth,High willingness to pay or grow dividend,High capacity on Quality Drivers
BG Dividend Drivers,Confirmed/sustainable forecast dividend growth,High willingness to pay or grow dividend,High capacity on Quality Drivers
BG Dividend Drivers,Confirmed/sustainable forecast dividend growth,High willingness to pay or grow dividend,High capacity on Quality Drivers
BG Dividend Drivers,Confirmed/sustainable forecast dividend growth,High willingness to pay or grow dividend,High capacity on Quality Drivers
BG Dividend Drivers,Confirmed/sustainable forecast dividend growth,High willingness to pay or grow dividend,High capacity on Quality Drivers
BG Dividend Drivers,Confirmed/sustainable forecast dividend growth,High willingness to pay or grow dividend,High capacity on Quality Drivers
BG Dividend Drivers,Confirmed/sustainable forecast dividend growth,High willingness to pay or grow dividend,High capacity on Quality Drivers
BG Dividend Drivers,Confirmed/sustainable forecast dividend growth,High willingness to pay or grow dividend,High capacity on Quality Drivers
BG Dividend Drivers,Confirmed/sustainable forecast dividend growth,High willingness to pay or grow dividend,High capacity on Quality Drivers
BG Dividend Drivers,Confirmed/sustainable forecast dividend growth,High willingness to pay or grow dividend,High capacity on Quality Drivers
BG Dividend Drivers,Confirmed/sustainable forecast dividend growth,High willingness to pay or grow dividend,High capacity on Quality Drivers
BG Dividend Drivers,Confirmed/sustainable forecast dividend growth,High willingness to pay or grow dividend,High capacity on Quality Drivers
BG Dividend Drivers,Confirmed/sustainable forecast dividend growth,High willingness to pay or grow dividend,High capacity on Quality Drivers
BG Dividend Drivers,Confirmed/sustainable forecast dividend growth,High willingness to pay or grow dividend,High capacity on Quality Drivers
BG Dividend Drivers,Confirmed/sustainable forecast dividend growth,High willingness to pay or grow dividend,High capacity on Quality Drivers
BG Dividend Drivers,Confirmed/sustainable forecast dividend growth,High willingness to pay or grow dividend,High capacity on Quality Drivers
BG Dividend Drivers,Confirmed/sustainable forecast dividend growth,High willingness to pay or grow dividend,High capacity on Quality Drivers
BG Dividend Drivers,Confirmed/sustainable forecast dividend growth,High willingness to pay or grow dividend,High capacity on Quality Drivers
